{"type":"FeatureCollection","features":[{"type":"Feature","properties":{"damId":"39","km":700},"geometry":{"type":"LineString","coordinates":[[103.4396,16.5729],[103.4687,16.5354],[103.4687,16.5062],[103.4521,16.4937],[103.4479,16.4687],[103.4562,16.4437],[103.4521,16.4354],[103.4812,16.4021],[103.4771,16.3937],[103.4979,16.3771],[103.5146,16.3771],[103.5229,16.3687],[103.5771,16.3562],[103.5937,16.3354],[103.6104,16.3354],[103.6187,16.3271],[103.6187,16.3146],[103.6312,16.3021],[103.6437,16.3021],[103.6854,16.2771],[103.6854,16.2604],[103.6937,16.2479],[103.6937,16.2396],[103.7062,16.2271],[103.7354,16.2104],[103.7521,16.1896],[103.7646,16.1896],[103.7854,16.1812],[103.7896,16.1771],[103.7896,16.1604],[103.7979,16.1521],[103.8271,16.1271],[103.8396,16.1312],[103.8562,16.1187],[103.9021,16.0687],[103.9104,16.0354],[103.9354,16.0062],[103.9312,16.0021],[103.9312,15.9896],[103.9354,15.9854],[103.9104,15.9562],[103.8854,15.9562],[103.8812,15.9521],[103.8854,15.9354],[103.9062,15.9104],[103.9146,15.9187],[103.9146,15.9396],[103.9229,15.9479],[103.9521,15.9479],[103.9646,15.9354],[103.9729,15.9146],[103.9812,15.9146],[103.9937,15.9062],[104.0104,15.9062],[104.0187,15.8979],[104.0187,15.8896],[104.0354,15.8604],[104.0187,15.8312],[104.0021,15.8146],[104.0062,15.8021],[104.0146,15.7979],[104.0396,15.7979],[104.0604,15.8104],[104.0687,15.8104],[104.0729,15.8146],[104.0729,15.8312],[104.0812,15.8354],[104.1354,15.7937],[104.1312,15.7229],[104.1729,15.6729],[104.1812,15.6771],[104.1812,15.6437],[104.2062,15.6062],[104.2312,15.5812],[104.2354,15.5521],[104.2896,15.4979],[104.2937,15.4687],[104.3062,15.4437],[104.3521,15.4396],[104.3646,15.4521],[104.3771,15.4479],[104.3854,15.4021],[104.4104,15.3854],[104.4187,15.3854],[104.4354,15.3687],[104.4354,15.3354],[104.4312,15.3312],[104.4354,15.3271],[104.4312,15.3229],[104.4354,15.3146],[104.4854,15.3146],[104.4896,15.3104],[104.4937,15.3146],[104.5062,15.3104],[104.5271,15.3229],[104.5771,15.3187],[104.5937,15.2979],[104.6104,15.2937],[104.6437,15.2604],[104.6562,15.2521],[104.6687,15.2521],[104.6896,15.2271],[104.6896,15.2187],[104.7187,15.1896],[104.7146,15.1854],[104.7229,15.1812],[104.7812,15.2396],[104.8021,15.2396],[104.8146,15.2271],[104.8104,15.2187],[104.7979,15.2146],[104.8021,15.2062],[104.8354,15.2062],[104.8521,15.2229],[104.8771,15.2229],[104.8937,15.2354],[104.9271,15.2271],[104.9604,15.2437],[105.0062,15.2812],[105.0187,15.2812],[105.0271,15.2729],[105.0354,15.2812],[105.0562,15.2812],[105.1021,15.3062],[105.1687,15.3062],[105.1812,15.3146],[105.1896,15.3146],[105.2104,15.2979],[105.2187,15.2729],[105.2437,15.2437],[105.2521,15.2354],[105.2771,15.2271],[105.2812,15.2396],[105.3104,15.2687],[105.3229,15.2687],[105.3396,15.2854],[105.3646,15.2896],[105.3812,15.3021],[105.4104,15.3021],[105.4437,15.2646],[105.4521,15.2646],[105.4646,15.2729],[105.4687,15.2937],[105.4771,15.3021],[105.4854,15.3021],[105.5104,15.3187],[105.5229,15.3229],[105.5687,15.3229],[105.5854,15.3312],[105.6062,15.3312],[105.6437,15.2896],[105.6562,15.2646],[105.6562,15.2396],[105.6937,15.2021],[105.7271,15.1812],[105.7229,15.1729],[105.7271,15.1521],[105.7396,15.1437],[105.7604,15.1437],[105.7854,15.1187],[105.8104,15.1104],[105.8229,15.0979],[105.8271,15.0729],[105.8687,15.0271],[105.8687,15.0062],[105.8812,14.9937],[105.8854,14.9729],[105.8979,14.9646],[105.8979,14.9104],[105.8854,14.8854],[105.8812,14.8396],[105.8854,14.8354],[105.8854,14.8229],[105.9271,14.7771],[105.9271,14.7271],[105.8854,14.6854],[105.8854,14.6687],[105.8729,14.6437],[105.8646,14.5937],[105.8604,14.5896],[105.8562,14.3979],[105.8646,14.3854],[105.8646,14.3646],[105.8729,14.3354],[105.8729,14.2687],[105.8646,14.2604],[105.8646,14.2479],[105.8562,14.2312],[105.8479,14.2229],[105.8479,14.1812],[105.8604,14.1646],[105.8604,14.1062],[105.8437,14.0854],[105.8521,14.0771],[105.8729,14.0729],[105.8812,14.0646],[105.8896,14.0354],[105.9062,14.0187],[105.9104,13.9979],[105.9271,13.9812],[105.9354,13.9771],[105.9479,13.9812],[105.9729,13.9771],[105.9854,13.9604],[105.9854,13.9396],[105.9646,13.9104],[105.9646,13.8937],[105.9812,13.8604],[105.9812,13.8479],[105.9729,13.8271],[105.9562,13.8062],[105.9729,13.7812],[105.9729,13.7687],[105.9646,13.7562],[106.0312,13.6896],[106.0354,13.6771],[106.0354,13.6229],[106.0312,13.6104],[105.9854,13.5729],[105.9312,13.5146],[105.9271,13.4687],[105.9396,13.4479],[105.9396,13.4187],[105.9312,13.4062],[105.9312,13.3729],[105.9396,13.3562],[105.9354,13.3104],[105.9312,13.3062],[105.9312,13.2729],[105.9437,13.2396],[105.9521,13.2312],[105.9604,13.2271],[106.0021,13.2312],[106.0126,13.2249]]}},{"type":"Feature","properties":{"damId":"42","km":700},"geometry":{"type":"LineString","coordinates":[[103.7521,17.3312],[103.7646,17.3437],[103.7771,17.3479],[103.8229,17.3396],[103.8396,17.3479],[103.8479,17.3437],[103.8729,17.3437],[103.8937,17.3562],[103.9021,17.3521],[103.9062,17.3562],[103.9354,17.3604],[103.9646,17.3479],[103.9812,17.3312],[104.0062,17.3312],[104.0146,17.3396],[104.0271,17.3271],[104.0354,17.3396],[104.0271,17.3646],[104.0437,17.3729],[104.0604,17.3729],[104.0812,17.3937],[104.0896,17.3854],[104.1062,17.4021],[104.1146,17.3937],[104.1187,17.3979],[104.1354,17.3812],[104.1437,17.3979],[104.1646,17.4187],[104.1646,17.4521],[104.1521,17.4562],[104.1312,17.4771],[104.1396,17.4896],[104.1396,17.5104],[104.1229,17.5229],[104.1354,17.5562],[104.1312,17.5646],[104.1354,17.5687],[104.1521,17.5646],[104.1646,17.5771],[104.1896,17.5687],[104.1979,17.5812],[104.2104,17.5812],[104.2146,17.5854],[104.2146,17.6062],[104.2271,17.6146],[104.2271,17.6312],[104.2312,17.6354],[104.2437,17.6354],[104.2562,17.6521],[104.2729,17.6521],[104.2771,17.6562],[104.2396,17.6896],[104.2521,17.7021],[104.2604,17.6979],[104.2604,17.6896],[104.2687,17.6812],[104.2896,17.6729],[104.2937,17.6604],[104.3062,17.6604],[104.3104,17.6646],[104.3146,17.6854],[104.3271,17.6979],[104.3437,17.6854],[104.3687,17.6854],[104.3896,17.6646],[104.3771,17.6479],[104.3771,17.6354],[104.4062,17.5937],[104.4146,17.6021],[104.4146,17.6146],[104.4021,17.6271],[104.4062,17.6354],[104.4187,17.6354],[104.4437,17.6229],[104.4604,17.6396],[104.4646,17.6521],[104.4896,17.6479],[104.4979,17.6396],[104.5062,17.6396],[104.5312,17.6229],[104.5812,17.6021],[104.6062,17.5812],[104.6187,17.5812],[104.6562,17.5562],[104.6729,17.5521],[104.7229,17.5021],[104.7229,17.4937],[104.7437,17.4562],[104.7812,17.4187],[104.8021,17.3771],[104.8021,17.3187],[104.8104,17.2937],[104.8104,17.2104],[104.8062,17.2062],[104.8062,17.1646],[104.7979,17.1396],[104.7812,17.1187],[104.7771,17.0896],[104.7646,17.0687],[104.7437,17.0062],[104.7437,16.9021],[104.7562,16.8854],[104.7562,16.8521],[104.7604,16.8479],[104.7604,16.8312],[104.7479,16.8187],[104.7479,16.7479],[104.7562,16.7354],[104.7562,16.7146],[104.7604,16.7104],[104.7604,16.6646],[104.7479,16.6229],[104.7437,16.5312],[104.7729,16.5021],[104.8021,16.4812],[104.8104,16.4812],[104.8479,16.4437],[104.8604,16.4229],[104.8729,16.3854],[104.9062,16.3521],[104.9312,16.3396],[104.9479,16.3229],[104.9562,16.2979],[104.9896,16.2729],[104.9937,16.2604],[105.0146,16.2396],[105.0146,16.2021],[105.0104,16.1896],[105.0187,16.1812],[105.0229,16.1604],[105.0354,16.1437],[105.0354,16.1354],[105.0479,16.1229],[105.0604,16.1187],[105.0812,16.0937],[105.0979,16.0937],[105.1062,16.0854],[105.1354,16.0854],[105.1896,16.0604],[105.2312,16.0479],[105.2729,16.0479],[105.2896,16.0354],[105.3521,16.0312],[105.3646,16.0229],[105.4021,16.0229],[105.4104,16.0187],[105.4229,16.0062],[105.4229,15.9937],[105.4187,15.9896],[105.3896,15.9896],[105.3687,15.9646],[105.3687,15.9562],[105.3562,15.9437],[105.3437,15.9187],[105.3812,15.8396],[105.3896,15.8312],[105.3937,15.8021],[105.4146,15.7937],[105.4187,15.7896],[105.4187,15.7771],[105.4479,15.7521],[105.4729,15.7479],[105.4937,15.7646],[105.5062,15.7687],[105.5354,15.7479],[105.5562,15.7479],[105.5604,15.7396],[105.5896,15.7312],[105.6021,15.7187],[105.6062,15.6979],[105.6271,15.6771],[105.6354,15.6604],[105.6354,15.6229],[105.6271,15.6062],[105.6271,15.5646],[105.6146,15.5521],[105.6021,15.5229],[105.5937,15.5146],[105.5937,15.5021],[105.6021,15.4854],[105.6021,15.4646],[105.5979,15.4604],[105.5979,15.4354],[105.5896,15.4187],[105.5812,15.4104],[105.5437,15.3937],[105.5062,15.3937],[105.4979,15.3896],[105.4729,15.3646],[105.4687,15.3437],[105.4937,15.3271],[105.5104,15.3271],[105.5146,15.3229],[105.5687,15.3229],[105.5854,15.3312],[105.6062,15.3312],[105.6437,15.2896],[105.6562,15.2646],[105.6562,15.2396],[105.6937,15.2021],[105.7271,15.1812],[105.7229,15.1729],[105.7271,15.1521],[105.7396,15.1437],[105.7604,15.1437],[105.7854,15.1187],[105.8104,15.1104],[105.8229,15.0979],[105.8271,15.0729],[105.8687,15.0271],[105.8687,15.0062],[105.8812,14.9937],[105.8854,14.9729],[105.8979,14.9646],[105.8979,14.9104],[105.8854,14.8854],[105.8812,14.8396],[105.8854,14.8354],[105.8854,14.8229],[105.9271,14.7771],[105.9271,14.7271],[105.8854,14.6854],[105.8854,14.6687],[105.8729,14.6437],[105.8646,14.5937],[105.8604,14.5896],[105.8562,14.3979],[105.8646,14.3854],[105.8646,14.3646],[105.8729,14.3354],[105.8729,14.2687],[105.8646,14.2604],[105.8646,14.2479],[105.8562,14.2312],[105.8479,14.2229],[105.8479,14.1876]]}},{"type":"Feature","properties":{"damId":"8","km":700},"geometry":{"type":"LineString","coordinates":[[103.9479,16.9521],[103.9604,16.9562],[103.9812,16.9812],[103.9854,16.9771],[103.9979,16.9812],[104.0146,16.9729],[104.0229,16.9604],[104.0354,16.9604],[104.0521,16.9521],[104.0562,16.9562],[104.0646,16.9479],[104.1021,16.9521],[104.1229,16.9354],[104.1354,16.9396],[104.1646,16.9729],[104.1646,16.9854],[104.1771,17.0062],[104.1812,17.0021],[104.2104,17.0229],[104.2396,17.0521],[104.2479,17.0479],[104.2562,17.0521],[104.2521,17.0562],[104.2562,17.0771],[104.2062,17.1146],[104.1979,17.1146],[104.1854,17.1396],[104.1854,17.1479],[104.1979,17.1604],[104.1979,17.1771],[104.2021,17.1812],[104.2187,17.1812],[104.2521,17.1479],[104.2854,17.1521],[104.3021,17.1437],[104.3104,17.1479],[104.3271,17.1271],[104.3562,17.1104],[104.3646,17.0937],[104.3646,17.0812],[104.3562,17.0687],[104.3937,17.0396],[104.4062,17.0396],[104.4229,17.0187],[104.4229,16.9979],[104.4312,16.9896],[104.4396,16.9937],[104.4646,16.9646],[104.4854,16.9771],[104.5021,16.9604],[104.5271,16.9646],[104.5437,16.9521],[104.5812,16.9812],[104.6104,16.9812],[104.6312,16.9562],[104.6521,16.9604],[104.6604,16.9521],[104.6687,16.9604],[104.6937,16.9312],[104.7062,16.9312],[104.7187,16.9229],[104.7354,16.9229],[104.7437,16.9146],[104.7437,16.9021],[104.7562,16.8854],[104.7562,16.8521],[104.7604,16.8479],[104.7604,16.8312],[104.7479,16.8187],[104.7479,16.7479],[104.7562,16.7354],[104.7562,16.7146],[104.7604,16.7104],[104.7604,16.6646],[104.7479,16.6229],[104.7437,16.5312],[104.7729,16.5021],[104.8021,16.4812],[104.8104,16.4812],[104.8479,16.4437],[104.8604,16.4229],[104.8729,16.3854],[104.9062,16.3521],[104.9312,16.3396],[104.9479,16.3229],[104.9562,16.2979],[104.9896,16.2729],[104.9937,16.2604],[105.0146,16.2396],[105.0146,16.2021],[105.0104,16.1896],[105.0187,16.1812],[105.0229,16.1604],[105.0354,16.1437],[105.0354,16.1354],[105.0479,16.1229],[105.0604,16.1187],[105.0812,16.0937],[105.0979,16.0937],[105.1062,16.0854],[105.1354,16.0854],[105.1896,16.0604],[105.2312,16.0479],[105.2729,16.0479],[105.2896,16.0354],[105.3521,16.0312],[105.3646,16.0229],[105.4021,16.0229],[105.4104,16.0187],[105.4229,16.0062],[105.4229,15.9937],[105.4187,15.9896],[105.3896,15.9896],[105.3687,15.9646],[105.3687,15.9562],[105.3562,15.9437],[105.3437,15.9187],[105.3812,15.8396],[105.3896,15.8312],[105.3937,15.8021],[105.4146,15.7937],[105.4187,15.7896],[105.4187,15.7771],[105.4479,15.7521],[105.4729,15.7479],[105.4937,15.7646],[105.5062,15.7687],[105.5354,15.7479],[105.5562,15.7479],[105.5604,15.7396],[105.5896,15.7312],[105.6021,15.7187],[105.6062,15.6979],[105.6271,15.6771],[105.6354,15.6604],[105.6354,15.6229],[105.6271,15.6062],[105.6271,15.5646],[105.6146,15.5521],[105.6021,15.5229],[105.5937,15.5146],[105.5937,15.5021],[105.6021,15.4854],[105.5979,15.4354],[105.5812,15.4104],[105.5562,15.3979],[105.4979,15.3896],[105.4729,15.3646],[105.4687,15.3437],[105.4937,15.3271],[105.5104,15.3271],[105.5146,15.3229],[105.5687,15.3229],[105.5854,15.3312],[105.6062,15.3312],[105.6437,15.2896],[105.6562,15.2646],[105.6562,15.2396],[105.6937,15.2021],[105.7271,15.1812],[105.7229,15.1729],[105.7271,15.1521],[105.7396,15.1437],[105.7604,15.1437],[105.7854,15.1187],[105.8104,15.1104],[105.8229,15.0979],[105.8271,15.0729],[105.8687,15.0271],[105.8687,15.0062],[105.8812,14.9937],[105.8854,14.9729],[105.8979,14.9646],[105.8979,14.9104],[105.8854,14.8854],[105.8812,14.8396],[105.8854,14.8354],[105.8854,14.8229],[105.9271,14.7771],[105.9271,14.7271],[105.8854,14.6854],[105.8854,14.6687],[105.8729,14.6437],[105.8646,14.5937],[105.8604,14.5896],[105.8562,14.3979],[105.8646,14.3854],[105.8646,14.3646],[105.8729,14.3354],[105.8729,14.2687],[105.8646,14.2604],[105.8646,14.2479],[105.8562,14.2312],[105.8479,14.2229],[105.8479,14.1812],[105.8604,14.1646],[105.8604,14.1062],[105.8437,14.0854],[105.8521,14.0771],[105.8729,14.0729],[105.8812,14.0646],[105.8896,14.0354],[105.9062,14.0187],[105.9104,13.9979],[105.9271,13.9812],[105.9354,13.9771],[105.9479,13.9812],[105.9729,13.9771],[105.9854,13.9604],[105.9854,13.9396],[105.9646,13.9104],[105.9646,13.8937],[105.9812,13.8604],[105.9812,13.8479],[105.9729,13.8271],[105.9562,13.8104],[105.9646,13.7979],[105.9646,13.7896],[105.9729,13.7812],[105.9729,13.7687],[105.9646,13.7562],[106.0021,13.7229],[106.0312,13.6896],[106.0354,13.6771],[106.0354,13.6229],[106.0312,13.6104],[105.9854,13.5729],[105.9312,13.5146],[105.9271,13.4687],[105.9396,13.4479],[105.9396,13.4187],[105.9312,13.4062],[105.9312,13.3729],[105.9354,13.3651]]}},{"type":"Feature","properties":{"damId":"4","km":700},"geometry":{"type":"LineString","coordinates":[[101.6544,16.5331],[101.6604,16.5229],[101.6562,16.5187],[101.6646,16.5062],[101.6604,16.4979],[101.6646,16.4854],[101.6521,16.4771],[101.6521,16.4646],[101.6729,16.4437],[101.6896,16.4562],[101.7021,16.4562],[101.7062,16.4687],[101.7229,16.4687],[101.7312,16.4604],[101.7479,16.4604],[101.7521,16.4646],[101.7604,16.4604],[101.7646,16.4562],[101.7604,16.4479],[101.7812,16.4312],[101.7812,16.4229],[101.7937,16.4187],[101.7937,16.4104],[101.8062,16.3937],[101.7979,16.3812],[101.7979,16.3729],[101.8229,16.3479],[101.8562,16.3312],[101.8854,16.2937],[101.8937,16.2937],[101.9021,16.2854],[101.9271,16.2854],[101.9396,16.2729],[101.9521,16.2687],[101.9646,16.2812],[101.9771,16.2854],[101.9771,16.3104],[101.9937,16.3271],[101.9937,16.3354],[102.0021,16.3437],[102.0021,16.3562],[102.0062,16.3604],[102.0021,16.3687],[102.0062,16.3729],[102.0271,16.3729],[102.0354,16.3646],[102.0437,16.3729],[102.0687,16.3729],[102.0937,16.3979],[102.1062,16.3979],[102.1271,16.3812],[102.1396,16.3937],[102.1646,16.3979],[102.1729,16.4146],[102.2062,16.4437],[102.2354,16.4437],[102.2562,16.4521],[102.2729,16.4479],[102.2979,16.4562],[102.3146,16.4479],[102.3479,16.4521],[102.3604,16.4396],[102.3771,16.4354],[102.3896,16.4437],[102.3937,16.4521],[102.3896,16.4562],[102.3979,16.4646],[102.4104,16.4687],[102.4146,16.4812],[102.4104,16.4854],[102.4146,16.4937],[102.4104,16.5021],[102.4229,16.5229],[102.4354,16.5312],[102.4521,16.5312],[102.4646,16.5229],[102.4979,16.5437],[102.5062,16.5354],[102.5146,16.5354],[102.5271,16.5396],[102.5437,16.5562],[102.5521,16.5562],[102.5604,16.5771],[102.5604,16.6729],[102.5812,16.7062],[102.5812,16.7354],[102.6187,16.7729],[102.6312,16.7771],[102.6396,16.7687],[102.6646,16.7646],[102.7271,16.7271],[102.7437,16.7396],[102.7479,16.7354],[102.7646,16.7354],[102.7771,16.7187],[102.7937,16.7187],[102.8229,16.7354],[102.8354,16.7146],[102.8187,16.6812],[102.8229,16.6729],[102.8229,16.6437],[102.8521,16.6187],[102.8562,16.6021],[102.8687,16.5896],[102.8771,16.6021],[102.8812,16.5979],[102.8854,16.5562],[102.8896,16.5521],[102.8896,16.5104],[102.8854,16.5021],[102.8937,16.4937],[102.8979,16.4979],[102.9062,16.4937],[102.8937,16.4729],[102.9354,16.4229],[102.9396,16.4021],[102.9562,16.3937],[102.9521,16.3646],[102.9687,16.3521],[102.9729,16.3396],[102.9854,16.3312],[102.9937,16.3312],[103.0062,16.3146],[103.0146,16.3146],[103.0562,16.2687],[103.0687,16.2687],[103.0771,16.2396],[103.1062,16.2271],[103.1187,16.2021],[103.1646,16.2021],[103.1729,16.1937],[103.1896,16.1937],[103.2021,16.2021],[103.2312,16.1979],[103.2354,16.2021],[103.2479,16.2021],[103.2854,16.2312],[103.2937,16.2271],[103.2896,16.2229],[103.2979,16.2146],[103.3104,16.2146],[103.3271,16.2229],[103.3396,16.2229],[103.3479,16.2146],[103.3854,16.2396],[103.3937,16.2354],[103.4187,16.2396],[103.4396,16.2146],[103.4396,16.2021],[103.4521,16.1854],[103.4646,16.1979],[103.4729,16.1979],[103.4854,16.2062],[103.4896,16.2021],[103.5187,16.2021],[103.5312,16.2104],[103.5354,16.2229],[103.5562,16.2229],[103.5687,16.2062],[103.5854,16.2062],[103.6187,16.1937],[103.6312,16.1979],[103.6437,16.1896],[103.6604,16.2021],[103.6604,16.2187],[103.6646,16.2229],[103.6812,16.2146],[103.6937,16.2271],[103.7104,16.2271],[103.7354,16.2104],[103.7521,16.1896],[103.7646,16.1896],[103.7854,16.1812],[103.7896,16.1771],[103.7896,16.1604],[103.7979,16.1521],[103.8271,16.1271],[103.8396,16.1312],[103.8562,16.1187],[103.9021,16.0687],[103.9104,16.0354],[103.9354,16.0062],[103.9312,16.0021],[103.9312,15.9896],[103.9354,15.9854],[103.9312,15.9771],[103.9104,15.9562],[103.8854,15.9562],[103.8812,15.9521],[103.8854,15.9354],[103.9062,15.9104],[103.9146,15.9187],[103.9146,15.9396],[103.9229,15.9479],[103.9521,15.9479],[103.9646,15.9354],[103.9729,15.9146],[103.9812,15.9146],[103.9937,15.9062],[104.0104,15.9062],[104.0187,15.8979],[104.0187,15.8896],[104.0354,15.8604],[104.0187,15.8312],[104.0021,15.8146],[104.0062,15.8021],[104.0146,15.7979],[104.0396,15.7979],[104.0604,15.8104],[104.0687,15.8104],[104.0729,15.8146],[104.0729,15.8312],[104.0812,15.8354],[104.1354,15.7937],[104.1312,15.7229],[104.1729,15.6729],[104.1812,15.6771],[104.1812,15.6437],[104.2062,15.6062],[104.2312,15.5812],[104.2354,15.5521],[104.2896,15.4979],[104.2937,15.4687],[104.3062,15.4437],[104.3521,15.4396],[104.3646,15.4521],[104.3771,15.4479],[104.3854,15.4021],[104.4104,15.3854],[104.4187,15.3854],[104.4354,15.3687],[104.4354,15.3354],[104.4312,15.3312],[104.4354,15.3271],[104.4312,15.3229],[104.4354,15.3146],[104.4854,15.3146],[104.4896,15.3104],[104.4937,15.3146],[104.5062,15.3104],[104.5271,15.3229],[104.5771,15.3187],[104.5937,15.2979],[104.6104,15.2937],[104.6437,15.2604],[104.6562,15.2521],[104.6687,15.2521],[104.6896,15.2271],[104.6896,15.2187],[104.7187,15.1896],[104.7146,15.1854],[104.7187,15.1812],[104.7812,15.2396],[104.8021,15.2396],[104.8146,15.2271],[104.8104,15.2187],[104.7979,15.2146],[104.8021,15.2062],[104.8354,15.2062],[104.8521,15.2229],[104.8771,15.2229],[104.8937,15.2354],[104.9271,15.2271],[104.9604,15.2437],[105.0062,15.2812],[105.0187,15.2812],[105.0271,15.2729],[105.0354,15.2812],[105.0562,15.2812],[105.1021,15.3062],[105.1687,15.3062],[105.1812,15.3146],[105.1896,15.3146],[105.2104,15.2979],[105.2271,15.2604],[105.2521,15.2354],[105.2604,15.2354],[105.2729,15.2271],[105.2812,15.2312],[105.2812,15.2396],[105.3104,15.2687],[105.3229,15.2687],[105.3396,15.2854],[105.3646,15.2896],[105.3812,15.3021],[105.4104,15.3021],[105.447,15.2646]]}},{"type":"Feature","properties":{"damId":"2","km":700},"geometry":{"type":"LineString","coordinates":[[102.6521,16.7646],[102.6646,16.7646],[102.7271,16.7271],[102.7396,16.7396],[102.7646,16.7354],[102.7771,16.7187],[102.7937,16.7187],[102.8187,16.7354],[102.8271,16.7312],[102.8271,16.7229],[102.8354,16.7146],[102.8187,16.6812],[102.8229,16.6729],[102.8229,16.6437],[102.8521,16.6187],[102.8562,16.6021],[102.8687,16.5896],[102.8771,16.6021],[102.8812,16.5979],[102.8854,16.5562],[102.8896,16.5521],[102.8896,16.5104],[102.8854,16.5021],[102.8937,16.4937],[102.8979,16.4979],[102.9062,16.4937],[102.8937,16.4729],[102.9354,16.4229],[102.9396,16.4021],[102.9562,16.3937],[102.9521,16.3646],[102.9687,16.3521],[102.9729,16.3396],[102.9854,16.3312],[102.9937,16.3312],[103.0062,16.3146],[103.0146,16.3146],[103.0562,16.2687],[103.0687,16.2687],[103.0771,16.2396],[103.1062,16.2271],[103.1187,16.2021],[103.1646,16.2021],[103.1729,16.1937],[103.1896,16.1937],[103.2021,16.2021],[103.2312,16.1979],[103.2354,16.2021],[103.2479,16.2021],[103.2854,16.2312],[103.2937,16.2271],[103.2896,16.2229],[103.2979,16.2146],[103.3104,16.2146],[103.3271,16.2229],[103.3396,16.2229],[103.3479,16.2146],[103.3854,16.2396],[103.3937,16.2354],[103.4187,16.2396],[103.4396,16.2146],[103.4396,16.2021],[103.4521,16.1854],[103.4646,16.1979],[103.4729,16.1979],[103.4854,16.2062],[103.4896,16.2021],[103.5187,16.2021],[103.5312,16.2104],[103.5354,16.2229],[103.5562,16.2229],[103.5687,16.2062],[103.5854,16.2062],[103.6187,16.1937],[103.6312,16.1979],[103.6437,16.1896],[103.6604,16.2021],[103.6604,16.2187],[103.6646,16.2229],[103.6812,16.2146],[103.6937,16.2271],[103.7104,16.2271],[103.7354,16.2104],[103.7521,16.1896],[103.7646,16.1896],[103.7854,16.1812],[103.7896,16.1771],[103.7896,16.1604],[103.7979,16.1521],[103.8271,16.1271],[103.8396,16.1312],[103.8562,16.1187],[103.9021,16.0687],[103.9104,16.0354],[103.9354,16.0062],[103.9312,16.0021],[103.9312,15.9896],[103.9354,15.9854],[103.9312,15.9771],[103.9104,15.9562],[103.8854,15.9562],[103.8812,15.9521],[103.8854,15.9354],[103.9062,15.9104],[103.9146,15.9187],[103.9146,15.9396],[103.9229,15.9479],[103.9521,15.9479],[103.9646,15.9354],[103.9729,15.9146],[103.9812,15.9146],[103.9937,15.9062],[104.0104,15.9062],[104.0187,15.8979],[104.0187,15.8896],[104.0354,15.8604],[104.0187,15.8312],[104.0021,15.8146],[104.0062,15.8021],[104.0146,15.7979],[104.0396,15.7979],[104.0604,15.8104],[104.0687,15.8104],[104.0729,15.8146],[104.0729,15.8312],[104.0812,15.8354],[104.1354,15.7937],[104.1312,15.7229],[104.1729,15.6729],[104.1812,15.6771],[104.1812,15.6437],[104.2062,15.6062],[104.2312,15.5812],[104.2354,15.5521],[104.2896,15.4979],[104.2937,15.4687],[104.3062,15.4437],[104.3521,15.4396],[104.3646,15.4521],[104.3771,15.4479],[104.3854,15.4021],[104.4104,15.3854],[104.4187,15.3854],[104.4354,15.3687],[104.4354,15.3354],[104.4312,15.3312],[104.4354,15.3271],[104.4312,15.3229],[104.4354,15.3146],[104.4854,15.3146],[104.4896,15.3104],[104.4937,15.3146],[104.5062,15.3104],[104.5271,15.3229],[104.5771,15.3187],[104.5937,15.2979],[104.6104,15.2937],[104.6437,15.2604],[104.6562,15.2521],[104.6687,15.2521],[104.6896,15.2271],[104.6896,15.2187],[104.7187,15.1896],[104.7146,15.1854],[104.7229,15.1812],[104.7812,15.2396],[104.8021,15.2396],[104.8146,15.2271],[104.8104,15.2187],[104.7979,15.2146],[104.8021,15.2062],[104.8354,15.2062],[104.8521,15.2229],[104.8771,15.2229],[104.8937,15.2354],[104.9271,15.2271],[104.9604,15.2437],[105.0062,15.2812],[105.0187,15.2812],[105.0271,15.2729],[105.0354,15.2812],[105.0562,15.2812],[105.1021,15.3062],[105.1687,15.3062],[105.1812,15.3146],[105.1896,15.3146],[105.2104,15.2979],[105.2187,15.2729],[105.2437,15.2437],[105.2521,15.2354],[105.2771,15.2271],[105.2812,15.2396],[105.3104,15.2687],[105.3229,15.2687],[105.3396,15.2854],[105.3646,15.2896],[105.3812,15.3021],[105.4104,15.3021],[105.4437,15.2646],[105.4521,15.2646],[105.4646,15.2729],[105.4687,15.2937],[105.4771,15.3021],[105.4854,15.3021],[105.5104,15.3187],[105.5229,15.3229],[105.5687,15.3229],[105.5854,15.3312],[105.6062,15.3312],[105.6437,15.2896],[105.6562,15.2646],[105.6562,15.2396],[105.6937,15.2021],[105.7271,15.1812],[105.7229,15.1729],[105.7271,15.1521],[105.7396,15.1437],[105.7604,15.1437],[105.7854,15.1187],[105.8104,15.1104],[105.8229,15.0979],[105.8271,15.0729],[105.8687,15.0271],[105.8687,15.0062],[105.8812,14.9937],[105.8854,14.9729],[105.8979,14.9646],[105.8979,14.9104],[105.8854,14.8854],[105.8812,14.8396],[105.8854,14.8354],[105.8854,14.8229],[105.9271,14.7771],[105.9271,14.7271],[105.8854,14.6854],[105.8854,14.6687],[105.8729,14.6437],[105.8646,14.5937],[105.8604,14.5896],[105.8562,14.3979],[105.8646,14.3854],[105.8646,14.3646],[105.8729,14.3354],[105.8729,14.2687],[105.8646,14.2604],[105.8646,14.2479],[105.8562,14.2312],[105.8479,14.2229],[105.8479,14.1812],[105.8604,14.1646],[105.8604,14.1062],[105.8437,14.0891]]}},{"type":"Feature","properties":{"damId":"6","km":700},"geometry":{"type":"LineString","coordinates":[[102.7604,14.3396],[102.7479,14.3729],[102.7562,14.3854],[102.7562,14.4062],[102.7646,14.4146],[102.7729,14.4104],[102.7979,14.4396],[102.8062,14.4396],[102.8271,14.4562],[102.8229,14.4687],[102.7937,14.4979],[102.7937,14.5104],[102.7771,14.5229],[102.7729,14.5437],[102.7854,14.5604],[102.7854,14.5812],[102.8146,14.6271],[102.8146,14.6687],[102.8229,14.6937],[102.8312,14.7021],[102.8312,14.7312],[102.8271,14.7354],[102.8312,14.7812],[102.8521,14.8021],[102.8521,14.8104],[102.8729,14.8354],[102.8604,14.8646],[102.8479,14.8771],[102.8562,14.8979],[102.8521,14.9187],[102.8604,14.9271],[102.8437,14.9479],[102.8437,14.9562],[102.8312,14.9646],[102.8312,14.9771],[102.8187,14.9896],[102.8187,15.0062],[102.8062,15.0229],[102.8146,15.0354],[102.7771,15.0812],[102.7687,15.0812],[102.7562,15.0896],[102.7479,15.1021],[102.7396,15.1021],[102.7229,15.1187],[102.7187,15.1312],[102.6729,15.1771],[102.6562,15.2146],[102.6646,15.2229],[102.6687,15.2604],[102.6812,15.2771],[102.6812,15.2896],[102.7146,15.3396],[102.7437,15.3646],[102.7437,15.3729],[102.7604,15.3896],[102.7854,15.3896],[102.7896,15.3937],[102.7979,15.3937],[102.8104,15.3812],[102.8271,15.3812],[102.8396,15.4021],[102.8521,15.4021],[102.8812,15.3771],[102.8937,15.3729],[102.9021,15.3771],[102.9146,15.3646],[102.9229,15.3646],[102.9521,15.3896],[102.9521,15.3979],[102.9729,15.4187],[103.0104,15.4271],[103.0187,15.4354],[103.0229,15.4312],[103.0354,15.4437],[103.0646,15.4437],[103.0729,15.4354],[103.0896,15.4354],[103.1062,15.4146],[103.1104,15.4187],[103.1146,15.4146],[103.1312,15.4146],[103.1687,15.3646],[103.1771,15.3604],[103.1812,15.3646],[103.1937,15.3646],[103.2062,15.3479],[103.2562,15.3104],[103.2646,15.3104],[103.2729,15.3187],[103.2896,15.3187],[103.2979,15.3104],[103.3271,15.3354],[103.3354,15.3354],[103.3437,15.3437],[103.3687,15.3437],[103.3812,15.3354],[103.3937,15.3396],[103.4062,15.3271],[103.4021,15.3229],[103.4062,15.3146],[103.4229,15.3146],[103.4312,15.3229],[103.4312,15.3312],[103.4437,15.3396],[103.4687,15.3396],[103.4729,15.3354],[103.4687,15.3271],[103.4979,15.2979],[103.5104,15.2979],[103.5146,15.2937],[103.5854,15.2937],[103.5896,15.2979],[103.6187,15.3021],[103.6396,15.3271],[103.6396,15.3354],[103.6604,15.3562],[103.6812,15.3396],[103.7104,15.3687],[103.7229,15.3604],[103.7437,15.3562],[103.7854,15.3896],[103.7979,15.4062],[103.8062,15.4062],[103.8187,15.4146],[103.8229,15.4229],[103.8187,15.4437],[103.8271,15.4562],[103.8646,15.4604],[103.8687,15.4562],[103.8896,15.4562],[103.9104,15.4396],[103.9312,15.4396],[103.9521,15.4229],[103.9771,15.4229],[103.9854,15.4146],[103.9979,15.4146],[104.0021,15.4104],[104.0146,15.4146],[104.0229,15.4062],[104.0562,15.4062],[104.0812,15.3812],[104.0896,15.3521],[104.1354,15.3521],[104.1562,15.3396],[104.2396,15.2562],[104.2562,15.2479],[104.2896,15.2479],[104.3271,15.2187],[104.3521,15.2104],[104.3979,15.1646],[104.4104,15.1646],[104.4187,15.1562],[104.4354,15.1562],[104.4396,15.1521],[104.4979,15.1521],[104.5021,15.1479],[104.5187,15.1479],[104.5229,15.1521],[104.5687,15.1521],[104.5729,15.1479],[104.6437,15.1521],[104.6479,15.1479],[104.6646,15.1479],[104.6896,15.1271],[104.7062,15.1354],[104.7354,15.1604],[104.7312,15.1687],[104.7187,15.1687],[104.7021,15.1562],[104.6979,15.1604],[104.6979,15.1729],[104.7062,15.1812],[104.7229,15.1812],[104.7812,15.2396],[104.8021,15.2396],[104.8146,15.2271],[104.8104,15.2187],[104.7979,15.2146],[104.8021,15.2062],[104.8354,15.2062],[104.8521,15.2229],[104.8771,15.2229],[104.8937,15.2354],[104.9187,15.2271],[104.9479,15.2354],[105.0062,15.2812],[105.0187,15.2812],[105.0271,15.2729],[105.0354,15.2812],[105.0562,15.2812],[105.1021,15.3062],[105.1687,15.3062],[105.1812,15.3146],[105.1896,15.3146],[105.2104,15.2979],[105.2187,15.2729],[105.2437,15.2437],[105.2521,15.2354],[105.2771,15.2271],[105.2812,15.2396],[105.3104,15.2687],[105.3229,15.2687],[105.3396,15.2854],[105.3646,15.2896],[105.3812,15.3021],[105.4104,15.3021],[105.4437,15.2646],[105.4521,15.2646],[105.4646,15.2729],[105.4687,15.2937],[105.4771,15.3021],[105.4854,15.3021],[105.5104,15.3187],[105.5229,15.3229],[105.5687,15.3229],[105.5854,15.3312],[105.6062,15.3312],[105.6437,15.2896],[105.6562,15.2646],[105.6562,15.2396],[105.6937,15.2021],[105.7271,15.1812],[105.7229,15.1729],[105.7271,15.1521],[105.7396,15.1437],[105.7604,15.1437],[105.7854,15.1187],[105.8104,15.1104],[105.8229,15.0979],[105.8271,15.0729],[105.8687,15.0271],[105.8687,15.0062],[105.8812,14.9937],[105.8854,14.9729],[105.8979,14.9646],[105.8979,14.9104],[105.8854,14.8854],[105.8812,14.8396],[105.8854,14.8354],[105.8854,14.8229],[105.9271,14.7771],[105.9271,14.7271],[105.8854,14.6854],[105.8854,14.6687],[105.8729,14.6437],[105.8646,14.5937],[105.8604,14.5896],[105.8562,14.3979],[105.8646,14.3854],[105.8646,14.3646],[105.8729,14.3354],[105.8729,14.2708]]}},{"type":"Feature","properties":{"damId":"3","km":700},"geometry":{"type":"LineString","coordinates":[[105.4312,15.2146],[105.4396,15.2229],[105.4312,15.2562],[105.4396,15.2687],[105.4437,15.2646],[105.4604,15.2687],[105.4687,15.2812],[105.4687,15.2937],[105.4771,15.3021],[105.4854,15.3021],[105.4937,15.3104],[105.5229,15.3229],[105.5687,15.3229],[105.5854,15.3312],[105.6062,15.3312],[105.6437,15.2896],[105.6562,15.2646],[105.6562,15.2396],[105.6937,15.2021],[105.7271,15.1812],[105.7229,15.1729],[105.7271,15.1521],[105.7396,15.1437],[105.7604,15.1437],[105.7854,15.1187],[105.8104,15.1104],[105.8229,15.0979],[105.8271,15.0729],[105.8687,15.0271],[105.8687,15.0062],[105.8812,14.9937],[105.8854,14.9729],[105.8979,14.9646],[105.8979,14.9104],[105.8854,14.8854],[105.8812,14.8396],[105.8854,14.8354],[105.8854,14.8229],[105.9271,14.7771],[105.9271,14.7271],[105.8854,14.6854],[105.8854,14.6687],[105.8729,14.6437],[105.8646,14.5937],[105.8604,14.5896],[105.8562,14.3979],[105.8646,14.3854],[105.8646,14.3646],[105.8729,14.3354],[105.8729,14.2687],[105.8646,14.2604],[105.8646,14.2479],[105.8562,14.2312],[105.8479,14.2229],[105.8479,14.1812],[105.8604,14.1646],[105.8604,14.1062],[105.8437,14.0854],[105.8521,14.0771],[105.8729,14.0729],[105.8812,14.0646],[105.8896,14.0354],[105.9062,14.0187],[105.9104,13.9979],[105.9271,13.9812],[105.9354,13.9771],[105.9479,13.9812],[105.9729,13.9771],[105.9854,13.9604],[105.9854,13.9396],[105.9646,13.9104],[105.9646,13.8937],[105.9812,13.8604],[105.9812,13.8479],[105.9729,13.8271],[105.9562,13.8104],[105.9646,13.7979],[105.9646,13.7896],[105.9729,13.7812],[105.9729,13.7687],[105.9646,13.7562],[106.0021,13.7229],[106.0312,13.6896],[106.0354,13.6771],[106.0354,13.6229],[106.0312,13.6104],[105.9854,13.5729],[105.9312,13.5146],[105.9271,13.4687],[105.9396,13.4479],[105.9396,13.4187],[105.9312,13.4062],[105.9312,13.3729],[105.9396,13.3562],[105.9354,13.3104],[105.9312,13.3062],[105.9354,13.2562],[105.9437,13.2479],[105.9437,13.2396],[105.9604,13.2271],[105.9729,13.2312],[106.0021,13.2312],[106.0104,13.2271],[106.0312,13.1937],[106.0271,13.1646],[106.0021,13.1187],[106.0062,13.1062],[106.0062,13.0562],[105.9854,13.0271],[105.9854,13.0104],[105.9896,13.0062],[105.9896,12.9937],[105.9854,12.9896],[105.9854,12.9271],[105.9604,12.8979],[105.9604,12.8854],[105.9437,12.8646],[105.9437,12.7687],[105.9604,12.7479],[105.9604,12.7312],[105.9854,12.6979],[105.9937,12.6604],[106.0146,12.6396],[106.0104,12.5521],[105.9979,12.5396],[105.9979,12.5104],[106.0104,12.4979],[106.0104,12.4687],[106.0229,12.4354],[106.0229,12.3771],[106.0396,12.3521],[106.0396,12.3062],[106.0021,12.2729],[105.9646,12.2729],[105.9354,12.2646],[105.8646,12.2646],[105.8604,12.2604],[105.7354,12.2604],[105.7146,12.2729],[105.6854,12.2771],[105.6812,12.2812],[105.6437,12.2812],[105.6354,12.2896],[105.6146,12.2979],[105.5854,12.2979],[105.5604,12.2729],[105.5437,12.2396],[105.5437,12.1562],[105.5354,12.1396],[105.5354,12.0937],[105.5187,12.0771],[105.5146,12.0646],[105.4812,12.0312],[105.4729,12.0146],[105.4729,11.9396],[105.4396,11.9062],[105.4187,11.8979],[105.3896,11.8979],[105.3687,11.9187],[105.3312,11.9312],[105.2479,11.9312],[105.2271,11.9437],[105.1979,11.9437],[105.1896,11.9479],[105.1521,11.9104],[105.1437,11.8854],[105.1187,11.8604],[105.1021,11.8521],[105.0812,11.8521],[105.0771,11.8479],[105.0229,11.8479],[104.9937,11.8187],[104.9937,11.8062],[105.0146,11.7812],[105.0146,11.7604],[104.9937,11.7396],[104.9687,11.7021],[104.9646,11.6646],[104.9562,11.6521],[104.9521,11.6229],[104.9479,11.6187],[104.9479,11.5729],[104.9646,11.5562],[104.9771,11.5521],[105.0021,11.5521],[105.0104,11.5437],[105.0521,11.5396],[105.0771,11.5312],[105.1229,11.4937],[105.1604,11.4771],[105.1812,11.4562],[105.1937,11.4521],[105.2562,11.3854],[105.2562,11.3437],[105.2479,11.3354],[105.2646,11.3062],[105.2687,11.2729],[105.2771,11.2646],[105.2771,11.2271],[105.2646,11.1896],[105.2521,11.1729],[105.2521,11.1604],[105.2437,11.143]]}},{"type":"Feature","properties":{"damId":"23","km":700},"geometry":{"type":"LineString","coordinates":[[99.0021,19.1687],[98.9937,19.1479],[98.9979,19.1271],[98.9854,19.1104],[98.9687,19.0979],[98.9562,19.1062],[98.9479,19.1062],[98.9437,19.0979],[98.9437,19.0854],[98.9479,19.0812],[98.9437,19.0729],[98.9604,19.0437],[98.9562,19.0354],[98.9646,19.0062],[98.9604,18.9812],[98.9771,18.9562],[98.9771,18.9271],[98.9937,18.8854],[98.9896,18.8729],[98.9937,18.8646],[98.9854,18.8562],[98.9854,18.8312],[98.9937,18.8104],[99.0021,18.8021],[99.0021,18.7937],[99.0104,18.7854],[99.0021,18.7729],[99.0062,18.7604],[98.9937,18.7396],[98.9937,18.7271],[98.9979,18.7229],[98.9937,18.7187],[98.9979,18.7146],[98.9854,18.7021],[98.9854,18.6729],[98.9604,18.6479],[98.9646,18.5937],[98.9521,18.5771],[98.9521,18.5604],[98.9271,18.5396],[98.9229,18.5271],[98.9021,18.5229],[98.8771,18.5104],[98.8729,18.5146],[98.8604,18.5021],[98.8646,18.4979],[98.8396,18.4812],[98.8104,18.4521],[98.7812,18.4521],[98.7646,18.4354],[98.7479,18.4354],[98.7437,18.4312],[98.7354,18.4396],[98.7062,18.4396],[98.7021,18.4354],[98.7021,18.4271],[98.6937,18.4187],[98.6937,18.3771],[98.6896,18.3729],[98.6896,18.3604],[98.6979,18.3479],[98.6687,18.3229],[98.6729,18.3104],[98.6521,18.2979],[98.6479,18.2812],[98.6396,18.2729],[98.6437,18.2604],[98.6354,18.2479],[98.6396,18.2229],[98.6229,18.2146],[98.6312,18.2062],[98.6312,18.1812],[98.6229,18.1729],[98.6229,18.1521],[98.6354,18.1437],[98.6354,18.1354],[98.6146,18.1271],[98.6104,18.1312],[98.6062,18.1229],[98.6187,18.1021],[98.6146,18.0979],[98.6021,18.1021],[98.5854,18.0854],[98.6021,18.0646],[98.5979,18.0437],[98.6104,18.0312],[98.6062,18.0229],[98.5979,18.0271],[98.5896,18.0187],[98.6021,18.0104],[98.6104,18.0104],[98.6271,17.9937],[98.6354,18.0021],[98.6479,17.9812],[98.6479,17.9437],[98.6396,17.9271],[98.6396,17.8896],[98.6562,17.8729],[98.6604,17.8396],[98.6729,17.8271],[98.6729,17.8146],[98.6854,17.7979],[98.6854,17.7812],[98.7021,17.7646],[98.7021,17.7479],[98.7479,17.6937],[98.7271,17.6771],[98.6854,17.6646],[98.6896,17.6562],[98.6854,17.6479],[98.6896,17.6354],[98.6854,17.5937],[98.6937,17.5854],[98.6937,17.5729],[98.7021,17.5562],[98.7021,17.5229],[98.6979,17.5104],[98.7062,17.4979],[98.7062,17.4854],[98.6854,17.4687],[98.6812,17.4479],[98.6937,17.4271],[98.7187,17.4271],[98.7396,17.4479],[98.7646,17.4604],[98.7771,17.4729],[98.8354,17.4771],[98.8937,17.4396],[98.8937,17.4187],[98.9021,17.3896],[98.8854,17.3812],[98.8854,17.3271],[98.9021,17.3062],[98.9021,17.2896],[98.9479,17.2437],[98.9771,17.2437],[98.9812,17.2396],[99.0187,17.2437],[99.0271,17.2396],[99.0687,17.1854],[99.0771,17.1604],[99.0687,17.1479],[99.0812,17.1354],[99.0562,17.1187],[99.0562,17.1104],[99.0396,17.0937],[99.0396,17.0812],[99.0562,17.0646],[99.0812,17.0187],[99.1187,16.9812],[99.1187,16.9646],[99.1021,16.9521],[99.0854,16.9479],[99.0771,16.9354],[99.0771,16.9229],[99.1187,16.8812],[99.1271,16.8479],[99.1396,16.8354],[99.1437,16.8187],[99.1896,16.7812],[99.2396,16.7229],[99.2562,16.7146],[99.2729,16.6854],[99.2979,16.6854],[99.3354,16.6521],[99.3562,16.6437],[99.3646,16.6354],[99.4187,16.6396],[99.4354,16.6229],[99.4479,16.6021],[99.4479,16.5937],[99.4812,16.5604],[99.4937,16.5312],[99.4979,16.4979],[99.5229,16.4729],[99.5229,16.4479],[99.5396,16.4354],[99.5312,16.4229],[99.5312,16.3979],[99.5396,16.3896],[99.5521,16.3896],[99.5646,16.3771],[99.5729,16.3771],[99.6021,16.3604],[99.6479,16.3604],[99.6646,16.3396],[99.6729,16.3104],[99.6896,16.2937],[99.6896,16.2729],[99.7062,16.2562],[99.7062,16.2437],[99.7104,16.2396],[99.7229,16.2396],[99.7312,16.2312],[99.7229,16.2146],[99.7271,16.2104],[99.7396,16.2104],[99.7479,16.2021],[99.7646,16.2021],[99.7687,16.1979],[99.7729,16.1854],[99.7937,16.1687],[99.8021,16.1479],[99.7896,16.1312],[99.7937,16.1271],[99.7979,16.1312],[99.8104,16.1312],[99.8187,16.1146],[99.8354,16.1021],[99.8479,16.0771],[99.8729,16.0562],[99.8771,16.0146],[99.8687,16.0062],[99.8687,15.9937],[99.8812,15.9812],[99.8979,15.9771],[99.9146,15.9604],[99.9229,15.9604],[99.9396,15.9479],[99.9562,15.9437],[99.9687,15.9312],[99.9854,15.9354],[100.0062,15.9187],[100.0062,15.9062],[100.0187,15.8937],[100.0312,15.8979],[100.0604,15.8729],[100.0604,15.8646],[100.0521,15.8521],[100.0729,15.8396],[100.0812,15.8146],[100.0812,15.7812],[100.0896,15.7729],[100.0854,15.7562],[100.1062,15.7396],[100.1021,15.7354],[100.1062,15.7312],[100.1312,15.7312],[100.1479,15.7062],[100.1104,15.6812],[100.1104,15.6729],[100.1021,15.6604],[100.1021,15.6354],[100.0937,15.6229],[100.0937,15.6104],[100.1062,15.5937],[100.0896,15.5771],[100.0812,15.5562],[100.0854,15.5521],[100.1104,15.5562],[100.1146,15.5521],[100.1146,15.5437],[100.0937,15.5271],[100.0937,15.5187],[100.1187,15.5062],[100.1104,15.4771],[100.1104,15.4562],[100.1187,15.4521],[100.1271,15.4604],[100.1354,15.4521],[100.1312,15.4479],[100.1354,15.4229],[100.1271,15.4146],[100.0979,15.4187],[100.0896,15.4104],[100.0896,15.3979],[100.1062,15.3771],[100.0937,15.3729],[100.0812,15.3812],[100.0729,15.3729],[100.1021,15.3479],[100.1021,15.3354],[100.0771,15.3146],[100.0812,15.3104],[100.0812,15.2979],[100.0562,15.2729],[100.0562,15.2646],[100.0854,15.2521],[100.0771,15.2396],[100.0771,15.2312],[100.1187,15.1979],[100.1187,15.1854],[100.1312,15.1729],[100.1812,15.1687],[100.2021,15.1854],[100.2146,15.1854],[100.2396,15.1604],[100.2437,15.1437],[100.2604,15.1216]]}},{"type":"Feature","properties":{"damId":"38","km":700},"geometry":{"type":"LineString","coordinates":[[99.1271,18.9104],[99.0812,18.8687],[99.0729,18.8521],[99.0771,18.8396],[99.0604,18.8104],[99.0646,18.7812],[99.0562,18.7729],[99.0771,18.7187],[99.0771,18.6937],[99.0812,18.6854],[99.0729,18.6604],[99.0771,18.6562],[99.0646,18.6479],[99.0646,18.6354],[99.0562,18.6187],[98.9937,18.5479],[98.9646,18.5437],[98.9437,18.5521],[98.9271,18.5396],[98.9229,18.5271],[98.9021,18.5229],[98.8771,18.5104],[98.8729,18.5146],[98.8604,18.5021],[98.8646,18.4979],[98.8396,18.4812],[98.8104,18.4521],[98.7812,18.4521],[98.7646,18.4354],[98.7479,18.4354],[98.7437,18.4312],[98.7354,18.4396],[98.7062,18.4396],[98.6937,18.4187],[98.6896,18.3604],[98.6979,18.3479],[98.6687,18.3229],[98.6729,18.3104],[98.6521,18.2979],[98.6479,18.2812],[98.6396,18.2729],[98.6437,18.2604],[98.6354,18.2479],[98.6396,18.2229],[98.6229,18.2146],[98.6312,18.2062],[98.6312,18.1812],[98.6229,18.1729],[98.6229,18.1521],[98.6354,18.1437],[98.6354,18.1354],[98.6146,18.1271],[98.6104,18.1312],[98.6062,18.1229],[98.6187,18.1021],[98.6146,18.0979],[98.6021,18.1021],[98.5854,18.0854],[98.6021,18.0646],[98.5979,18.0437],[98.6104,18.0312],[98.6062,18.0229],[98.5979,18.0271],[98.5896,18.0187],[98.6021,18.0104],[98.6104,18.0104],[98.6271,17.9937],[98.6354,18.0021],[98.6479,17.9812],[98.6479,17.9437],[98.6396,17.9271],[98.6396,17.8896],[98.6562,17.8729],[98.6604,17.8396],[98.6729,17.8271],[98.6729,17.8146],[98.6854,17.7979],[98.6854,17.7812],[98.7021,17.7646],[98.7021,17.7479],[98.7479,17.6937],[98.7271,17.6771],[98.6854,17.6646],[98.6896,17.6562],[98.6854,17.6479],[98.6896,17.6354],[98.6854,17.5937],[98.6937,17.5854],[98.6937,17.5729],[98.7021,17.5562],[98.7021,17.5229],[98.6979,17.5104],[98.7062,17.4979],[98.7062,17.4854],[98.6854,17.4687],[98.6812,17.4479],[98.6937,17.4271],[98.7187,17.4271],[98.7396,17.4479],[98.7646,17.4604],[98.7771,17.4729],[98.8354,17.4771],[98.8937,17.4396],[98.8937,17.4187],[98.9021,17.3896],[98.8854,17.3812],[98.8854,17.3271],[98.9021,17.3062],[98.9021,17.2896],[98.9479,17.2437],[98.9771,17.2437],[98.9812,17.2396],[99.0187,17.2437],[99.0271,17.2396],[99.0687,17.1854],[99.0771,17.1604],[99.0687,17.1479],[99.0812,17.1354],[99.0562,17.1187],[99.0562,17.1104],[99.0396,17.0937],[99.0396,17.0812],[99.0562,17.0646],[99.0812,17.0187],[99.1187,16.9812],[99.1187,16.9646],[99.1021,16.9521],[99.0854,16.9479],[99.0771,16.9354],[99.0771,16.9229],[99.1187,16.8812],[99.1271,16.8479],[99.1396,16.8354],[99.1437,16.8187],[99.1896,16.7812],[99.2396,16.7229],[99.2562,16.7146],[99.2729,16.6854],[99.2979,16.6854],[99.3354,16.6521],[99.3562,16.6437],[99.3646,16.6354],[99.4187,16.6396],[99.4354,16.6229],[99.4479,16.6021],[99.4479,16.5937],[99.4812,16.5604],[99.4937,16.5312],[99.4979,16.4979],[99.5229,16.4729],[99.5229,16.4479],[99.5396,16.4354],[99.5312,16.4229],[99.5312,16.3979],[99.5396,16.3896],[99.5521,16.3896],[99.5646,16.3771],[99.5729,16.3771],[99.6021,16.3604],[99.6479,16.3604],[99.6646,16.3396],[99.6729,16.3104],[99.6896,16.2937],[99.6896,16.2729],[99.7062,16.2562],[99.7062,16.2437],[99.7104,16.2396],[99.7229,16.2396],[99.7312,16.2312],[99.7229,16.2146],[99.7271,16.2104],[99.7396,16.2104],[99.7479,16.2021],[99.7646,16.2021],[99.7687,16.1979],[99.7729,16.1854],[99.7937,16.1687],[99.8021,16.1479],[99.7896,16.1312],[99.7937,16.1271],[99.7979,16.1312],[99.8104,16.1312],[99.8187,16.1146],[99.8354,16.1021],[99.8479,16.0771],[99.8729,16.0562],[99.8771,16.0146],[99.8687,16.0062],[99.8687,15.9937],[99.8812,15.9812],[99.8979,15.9771],[99.9146,15.9604],[99.9229,15.9604],[99.9396,15.9479],[99.9562,15.9437],[99.9687,15.9312],[99.9854,15.9354],[100.0062,15.9187],[100.0062,15.9062],[100.0187,15.8937],[100.0312,15.8979],[100.0604,15.8729],[100.0604,15.8646],[100.0521,15.8521],[100.0729,15.8396],[100.0812,15.8146],[100.0812,15.7812],[100.0896,15.7729],[100.0854,15.7562],[100.1062,15.7396],[100.1021,15.7354],[100.1062,15.7312],[100.1312,15.7312],[100.1479,15.7062],[100.1104,15.6812],[100.1104,15.6729],[100.1021,15.6604],[100.1021,15.6354],[100.0937,15.6229],[100.0937,15.6104],[100.1062,15.5937],[100.0896,15.5771],[100.0812,15.5562],[100.0854,15.5521],[100.1104,15.5562],[100.1146,15.5521],[100.1146,15.5437],[100.0937,15.5271],[100.0937,15.5187],[100.1187,15.5062],[100.1104,15.4771],[100.1104,15.4562],[100.1187,15.4521],[100.1271,15.4604],[100.1354,15.4521],[100.1312,15.4479],[100.1354,15.4229],[100.1271,15.4146],[100.0979,15.4187],[100.0896,15.4104],[100.0896,15.3979],[100.1062,15.3771],[100.0937,15.3729],[100.0812,15.3812],[100.0729,15.3729],[100.1021,15.3479],[100.1021,15.3354],[100.0771,15.3146],[100.0812,15.3104],[100.0812,15.2979],[100.0562,15.2729],[100.0562,15.2646],[100.0854,15.2521],[100.0771,15.2396],[100.0771,15.2312],[100.1187,15.1979],[100.1187,15.1854],[100.1312,15.1729],[100.1812,15.1687],[100.2021,15.1854],[100.2146,15.1854],[100.2396,15.1604],[100.2396,15.1521],[100.2562,15.1312],[100.2604,15.1187],[100.2812,15.1021],[100.2812,15.0896],[100.3229,15.0396],[100.3354,14.9854],[100.3562,14.9604],[100.3687,14.9271],[100.3789,14.9169]]}},{"type":"Feature","properties":{"damId":"1","km":600.1},"geometry":{"type":"LineString","coordinates":[[98.9979,17.2437],[99.0271,17.2396],[99.0687,17.1854],[99.0771,17.1604],[99.0687,17.1479],[99.0812,17.1354],[99.0562,17.1187],[99.0562,17.1104],[99.0396,17.0937],[99.0396,17.0812],[99.0562,17.0646],[99.0812,17.0187],[99.1187,16.9812],[99.1187,16.9646],[99.1021,16.9521],[99.0854,16.9479],[99.0771,16.9354],[99.0771,16.9229],[99.1187,16.8812],[99.1271,16.8479],[99.1396,16.8354],[99.1437,16.8187],[99.1896,16.7812],[99.2396,16.7229],[99.2562,16.7146],[99.2729,16.6854],[99.2979,16.6854],[99.3354,16.6521],[99.3562,16.6437],[99.3646,16.6354],[99.4187,16.6396],[99.4354,16.6229],[99.4479,16.6021],[99.4479,16.5937],[99.4812,16.5604],[99.4937,16.5312],[99.4979,16.4979],[99.5229,16.4729],[99.5229,16.4479],[99.5396,16.4354],[99.5312,16.4229],[99.5312,16.3979],[99.5396,16.3896],[99.5521,16.3896],[99.5646,16.3771],[99.5729,16.3771],[99.5896,16.3646],[99.6021,16.3604],[99.6479,16.3604],[99.6521,16.3562],[99.6687,16.3312],[99.6729,16.3104],[99.6896,16.2937],[99.6896,16.2729],[99.7062,16.2562],[99.7062,16.2437],[99.7104,16.2396],[99.7229,16.2396],[99.7312,16.2312],[99.7229,16.2146],[99.7271,16.2104],[99.7396,16.2104],[99.7479,16.2021],[99.7646,16.2021],[99.7687,16.1979],[99.7729,16.1854],[99.7937,16.1687],[99.8021,16.1479],[99.7896,16.1312],[99.7937,16.1271],[99.7979,16.1312],[99.8104,16.1312],[99.8187,16.1146],[99.8354,16.1021],[99.8479,16.0771],[99.8729,16.0562],[99.8771,16.0146],[99.8687,16.0062],[99.8687,15.9937],[99.8812,15.9812],[99.8979,15.9771],[99.9146,15.9604],[99.9229,15.9604],[99.9396,15.9479],[99.9562,15.9437],[99.9687,15.9312],[99.9854,15.9354],[100.0062,15.9187],[100.0062,15.9062],[100.0187,15.8937],[100.0312,15.8979],[100.0604,15.8729],[100.0604,15.8646],[100.0521,15.8521],[100.0729,15.8396],[100.0812,15.8146],[100.0812,15.7812],[100.0896,15.7729],[100.0854,15.7562],[100.1062,15.7396],[100.1021,15.7354],[100.1062,15.7312],[100.1312,15.7312],[100.1479,15.7104],[100.1396,15.6979],[100.1271,15.6896],[100.1187,15.6896],[100.1104,15.6812],[100.1104,15.6729],[100.1021,15.6604],[100.1021,15.6354],[100.0937,15.6229],[100.0937,15.6104],[100.1062,15.5937],[100.0896,15.5771],[100.0812,15.5562],[100.0854,15.5521],[100.1104,15.5562],[100.1146,15.5521],[100.1146,15.5437],[100.0937,15.5271],[100.0937,15.5187],[100.1187,15.5062],[100.1104,15.4771],[100.1104,15.4562],[100.1187,15.4521],[100.1271,15.4604],[100.1354,15.4521],[100.1312,15.4479],[100.1354,15.4229],[100.1271,15.4146],[100.0979,15.4187],[100.0896,15.4104],[100.0896,15.3979],[100.1062,15.3771],[100.0937,15.3729],[100.0812,15.3812],[100.0729,15.3729],[100.1021,15.3479],[100.1021,15.3354],[100.0771,15.3146],[100.0812,15.3104],[100.0812,15.2979],[100.0562,15.2729],[100.0562,15.2646],[100.0854,15.2521],[100.0771,15.2396],[100.0771,15.2312],[100.1187,15.1979],[100.1187,15.1854],[100.1312,15.1729],[100.1812,15.1687],[100.2021,15.1854],[100.2146,15.1854],[100.2396,15.1604],[100.2396,15.1521],[100.2562,15.1312],[100.2604,15.1187],[100.2812,15.1021],[100.2812,15.0896],[100.3229,15.0396],[100.3354,14.9854],[100.3562,14.9604],[100.3687,14.9271],[100.3812,14.9146],[100.3937,14.9146],[100.3979,14.9104],[100.4062,14.8646],[100.4354,14.8437],[100.4354,14.8229],[100.4437,14.8021],[100.4437,14.7854],[100.4396,14.7812],[100.4396,14.7604],[100.4437,14.7562],[100.4396,14.7146],[100.4479,14.7062],[100.4521,14.6854],[100.4604,14.6771],[100.4646,14.6521],[100.4604,14.6479],[100.4521,14.5646],[100.4479,14.5604],[100.4479,14.5396],[100.4562,14.5271],[100.4562,14.5104],[100.4521,14.5062],[100.4562,14.4521],[100.4437,14.4354],[100.4396,14.3937],[100.4271,14.3729],[100.4312,14.3687],[100.4312,14.3479],[100.4479,14.3312],[100.4521,14.3146],[100.4604,14.3062],[100.4771,14.3062],[100.4854,14.2937],[100.4854,14.2354],[100.5062,14.1979],[100.5104,14.1437],[100.5437,14.1104],[100.5437,14.0979],[100.5271,14.0812],[100.5271,14.0729],[100.5521,14.0479],[100.5521,14.0354],[100.5396,14.0229],[100.5396,13.9937],[100.5271,13.9812],[100.5396,13.9521],[100.5271,13.9437],[100.5104,13.9437],[100.5021,13.9354],[100.5021,13.9271],[100.4896,13.9062],[100.4896,13.8896],[100.4771,13.8771],[100.4771,13.8562],[100.4896,13.8479],[100.4896,13.8396],[100.5187,13.8062],[100.5146,13.7937],[100.5021,13.7812],[100.5021,13.7729],[100.4896,13.7604],[100.4896,13.7479],[100.4979,13.7396],[100.5062,13.7396],[100.5146,13.7229],[100.4896,13.6937],[100.5187,13.6854],[100.5396,13.6687],[100.5521,13.6812],[100.5521,13.7021],[100.5562,13.7062],[100.5729,13.7062],[100.5854,13.6937],[100.5896,13.6812],[100.5687,13.6604],[100.5604,13.6562],[100.5396,13.6604],[100.5354,13.6562],[100.5354,13.6354],[100.5604,13.6146]]}},{"type":"Feature","properties":{"damId":"35","km":700},"geometry":{"type":"LineString","coordinates":[[99.6271,18.7812],[99.6146,18.7646],[99.6146,18.7437],[99.6062,18.7312],[99.6062,18.7229],[99.5937,18.7104],[99.5771,18.7062],[99.5604,18.6937],[99.5646,18.6604],[99.5604,18.6562],[99.5562,18.6146],[99.5521,18.6104],[99.6146,18.5479],[99.6146,18.5312],[99.6437,18.5062],[99.6312,18.4896],[99.6271,18.4729],[99.6187,18.4687],[99.6187,18.4562],[99.6229,18.4521],[99.6187,18.4437],[99.6229,18.4396],[99.6104,18.4229],[99.6104,18.4062],[99.5896,18.3854],[99.5937,18.3812],[99.5896,18.3771],[99.5771,18.3812],[99.5687,18.3729],[99.5604,18.3729],[99.5479,18.3646],[99.5354,18.3521],[99.5396,18.3396],[99.5312,18.3312],[99.5229,18.3312],[99.5062,18.3104],[99.4812,18.3021],[99.4646,18.2854],[99.4646,18.2729],[99.4521,18.2604],[99.4479,18.2479],[99.4062,18.2021],[99.4062,18.1896],[99.3979,18.1812],[99.3979,18.1729],[99.3521,18.1229],[99.3479,18.0812],[99.3396,18.0687],[99.3437,18.0396],[99.3229,18.0187],[99.3187,18.0062],[99.3229,17.9937],[99.3104,17.9854],[99.3479,17.9521],[99.3437,17.9271],[99.3312,17.9104],[99.3354,17.8979],[99.3271,17.8896],[99.3271,17.8812],[99.3229,17.8771],[99.3187,17.8812],[99.2896,17.8479],[99.2937,17.8396],[99.2729,17.8271],[99.2729,17.8187],[99.2646,17.8104],[99.2646,17.7979],[99.2271,17.7479],[99.2312,17.7396],[99.2271,17.7354],[99.2271,17.7021],[99.2312,17.6979],[99.2271,17.6896],[99.2437,17.6687],[99.2479,17.6562],[99.2312,17.6396],[99.2312,17.6229],[99.2104,17.6021],[99.2146,17.5937],[99.2104,17.5854],[99.2021,17.5771],[99.1937,17.5854],[99.1812,17.5771],[99.1812,17.5521],[99.1771,17.5479],[99.1812,17.5312],[99.1646,17.5187],[99.1479,17.5187],[99.1437,17.5146],[99.1479,17.4812],[99.1396,17.4562],[99.1312,17.4479],[99.1354,17.4437],[99.1354,17.4271],[99.1271,17.4187],[99.1229,17.3896],[99.1146,17.3812],[99.1187,17.3729],[99.1146,17.3687],[99.1021,17.3687],[99.0937,17.3771],[99.0729,17.3771],[99.0687,17.3729],[99.0687,17.3562],[99.0812,17.3396],[99.0854,17.3229],[99.0979,17.3104],[99.0979,17.2979],[99.1021,17.2937],[99.1021,17.2812],[99.0937,17.2646],[99.0979,17.2479],[99.0854,17.2354],[99.0854,17.2271],[99.1021,17.2146],[99.1104,17.1979],[99.1104,17.1729],[99.1062,17.1687],[99.1104,17.1437],[99.0896,17.1271],[99.0812,17.1312],[99.0646,17.1271],[99.0562,17.1187],[99.0562,17.1104],[99.0396,17.0937],[99.0396,17.0812],[99.0562,17.0646],[99.0812,17.0187],[99.1187,16.9812],[99.1187,16.9646],[99.1021,16.9521],[99.0854,16.9479],[99.0771,16.9354],[99.0771,16.9229],[99.1187,16.8812],[99.1271,16.8479],[99.1396,16.8354],[99.1437,16.8187],[99.1896,16.7812],[99.2396,16.7229],[99.2562,16.7146],[99.2729,16.6854],[99.2979,16.6854],[99.3354,16.6521],[99.3562,16.6437],[99.3646,16.6354],[99.4187,16.6396],[99.4354,16.6229],[99.4479,16.6021],[99.4479,16.5937],[99.4812,16.5604],[99.4937,16.5312],[99.4979,16.4979],[99.5229,16.4729],[99.5229,16.4479],[99.5396,16.4354],[99.5312,16.4229],[99.5312,16.3979],[99.5396,16.3896],[99.5521,16.3896],[99.5646,16.3771],[99.5729,16.3771],[99.5896,16.3646],[99.6021,16.3604],[99.6479,16.3604],[99.6521,16.3562],[99.6687,16.3312],[99.6729,16.3104],[99.6896,16.2937],[99.6896,16.2729],[99.7062,16.2562],[99.7062,16.2437],[99.7104,16.2396],[99.7229,16.2396],[99.7312,16.2312],[99.7229,16.2146],[99.7271,16.2104],[99.7396,16.2104],[99.7479,16.2021],[99.7646,16.2021],[99.7687,16.1979],[99.7729,16.1854],[99.7937,16.1687],[99.8021,16.1479],[99.7896,16.1312],[99.7937,16.1271],[99.7979,16.1312],[99.8104,16.1312],[99.8187,16.1146],[99.8354,16.1021],[99.8479,16.0771],[99.8729,16.0562],[99.8771,16.0146],[99.8687,16.0062],[99.8687,15.9937],[99.8812,15.9812],[99.8979,15.9771],[99.9146,15.9604],[99.9229,15.9604],[99.9396,15.9479],[99.9562,15.9437],[99.9687,15.9312],[99.9854,15.9354],[100.0062,15.9187],[100.0062,15.9062],[100.0187,15.8937],[100.0312,15.8979],[100.0604,15.8729],[100.0604,15.8646],[100.0521,15.8521],[100.0729,15.8396],[100.0812,15.8146],[100.0812,15.7812],[100.0896,15.7729],[100.0854,15.7562],[100.1062,15.7396],[100.1021,15.7354],[100.1062,15.7312],[100.1312,15.7312],[100.1479,15.7104],[100.1396,15.6979],[100.1271,15.6896],[100.1187,15.6896],[100.1104,15.6812],[100.1104,15.6729],[100.1021,15.6604],[100.1021,15.6354],[100.0937,15.6229],[100.0937,15.6104],[100.1062,15.5937],[100.0896,15.5771],[100.0812,15.5562],[100.0854,15.5521],[100.1104,15.5562],[100.1146,15.5521],[100.1146,15.5437],[100.0937,15.5271],[100.0937,15.5187],[100.1187,15.5062],[100.1104,15.4771],[100.1104,15.4562],[100.1187,15.4521],[100.1271,15.4604],[100.1354,15.4521],[100.1312,15.4479],[100.1354,15.4229],[100.1271,15.4146],[100.0979,15.4187],[100.0896,15.4104],[100.0896,15.3979],[100.1062,15.3771],[100.0937,15.3729],[100.0812,15.3812],[100.0729,15.3729],[100.1021,15.3479],[100.1021,15.3354],[100.0771,15.3146],[100.0812,15.3104],[100.0812,15.2979],[100.0562,15.2729],[100.0562,15.2646],[100.0854,15.2521],[100.0771,15.2396],[100.0771,15.2312],[100.1187,15.1979],[100.1187,15.1854],[100.1312,15.1729],[100.1812,15.1687],[100.2021,15.1854],[100.2146,15.1854],[100.2396,15.1604],[100.2396,15.1521],[100.2562,15.1312],[100.2604,15.1187],[100.2812,15.1021],[100.2812,15.0896],[100.3229,15.0396],[100.3354,14.9854],[100.3562,14.9604],[100.3687,14.9271],[100.3812,14.9146],[100.3937,14.9146],[100.3979,14.9104],[100.4062,14.8646],[100.4354,14.8437],[100.4354,14.8229],[100.4437,14.8021],[100.4437,14.7854],[100.4396,14.7812],[100.4396,14.7604],[100.4437,14.7562],[100.4396,14.7146],[100.4479,14.7062],[100.4521,14.6854],[100.4646,14.6646],[100.4604,14.6271],[100.4562,14.6229],[100.4562,14.5979],[100.4521,14.5937],[100.4521,14.5646],[100.4479,14.5604],[100.4479,14.5396],[100.4562,14.5271],[100.4562,14.5104],[100.4521,14.5062],[100.4562,14.4521],[100.4437,14.4354],[100.4396,14.4091]]}},{"type":"Feature","properties":{"damId":"34","km":700},"geometry":{"type":"LineString","coordinates":[[99.6396,18.5104],[99.6437,18.5021],[99.6312,18.4896],[99.6271,18.4729],[99.6187,18.4687],[99.6187,18.4562],[99.6229,18.4521],[99.6187,18.4437],[99.6229,18.4396],[99.6104,18.4229],[99.6104,18.4062],[99.5896,18.3854],[99.5937,18.3812],[99.5896,18.3771],[99.5771,18.3812],[99.5687,18.3729],[99.5604,18.3729],[99.5479,18.3646],[99.5354,18.3521],[99.5396,18.3396],[99.5312,18.3312],[99.5229,18.3312],[99.5062,18.3104],[99.4812,18.3021],[99.4646,18.2854],[99.4646,18.2729],[99.4521,18.2604],[99.4479,18.2479],[99.4062,18.2021],[99.4062,18.1896],[99.3979,18.1812],[99.3979,18.1729],[99.3521,18.1229],[99.3479,18.0812],[99.3396,18.0687],[99.3437,18.0396],[99.3229,18.0187],[99.3187,18.0062],[99.3229,17.9937],[99.3104,17.9854],[99.3479,17.9521],[99.3437,17.9271],[99.3312,17.9104],[99.3354,17.8979],[99.3271,17.8896],[99.3271,17.8812],[99.3229,17.8771],[99.3187,17.8812],[99.2896,17.8479],[99.2937,17.8396],[99.2729,17.8271],[99.2729,17.8187],[99.2646,17.8104],[99.2646,17.7979],[99.2271,17.7479],[99.2312,17.7396],[99.2271,17.7354],[99.2271,17.7021],[99.2312,17.6979],[99.2271,17.6896],[99.2437,17.6687],[99.2479,17.6562],[99.2312,17.6396],[99.2312,17.6229],[99.2104,17.6021],[99.2146,17.5937],[99.2104,17.5854],[99.2021,17.5771],[99.1937,17.5854],[99.1812,17.5771],[99.1812,17.5521],[99.1771,17.5479],[99.1812,17.5312],[99.1646,17.5187],[99.1479,17.5187],[99.1437,17.5146],[99.1479,17.4812],[99.1396,17.4562],[99.1312,17.4479],[99.1354,17.4437],[99.1354,17.4271],[99.1271,17.4187],[99.1229,17.3896],[99.1146,17.3812],[99.1187,17.3729],[99.1146,17.3687],[99.1021,17.3687],[99.0937,17.3771],[99.0729,17.3771],[99.0687,17.3729],[99.0687,17.3562],[99.0812,17.3396],[99.0854,17.3229],[99.0979,17.3104],[99.0979,17.2979],[99.1021,17.2937],[99.1021,17.2812],[99.0937,17.2646],[99.0979,17.2479],[99.0854,17.2354],[99.0854,17.2271],[99.1021,17.2146],[99.1104,17.1979],[99.1104,17.1729],[99.1062,17.1687],[99.1104,17.1437],[99.0896,17.1271],[99.0812,17.1312],[99.0646,17.1271],[99.0562,17.1187],[99.0562,17.1104],[99.0396,17.0937],[99.0396,17.0812],[99.0562,17.0646],[99.0812,17.0187],[99.1187,16.9812],[99.1187,16.9646],[99.1021,16.9521],[99.0854,16.9479],[99.0771,16.9354],[99.0771,16.9229],[99.1187,16.8812],[99.1271,16.8479],[99.1396,16.8354],[99.1437,16.8187],[99.1896,16.7812],[99.2396,16.7229],[99.2562,16.7146],[99.2729,16.6854],[99.2979,16.6854],[99.3354,16.6521],[99.3562,16.6437],[99.3646,16.6354],[99.4187,16.6396],[99.4354,16.6229],[99.4479,16.6021],[99.4479,16.5937],[99.4812,16.5604],[99.4937,16.5312],[99.4979,16.4979],[99.5229,16.4729],[99.5229,16.4479],[99.5396,16.4354],[99.5312,16.4229],[99.5312,16.3979],[99.5396,16.3896],[99.5521,16.3896],[99.5646,16.3771],[99.5729,16.3771],[99.5896,16.3646],[99.6021,16.3604],[99.6479,16.3604],[99.6521,16.3562],[99.6687,16.3312],[99.6729,16.3104],[99.6896,16.2937],[99.6896,16.2729],[99.7062,16.2562],[99.7062,16.2437],[99.7104,16.2396],[99.7229,16.2396],[99.7312,16.2312],[99.7229,16.2146],[99.7271,16.2104],[99.7396,16.2104],[99.7479,16.2021],[99.7646,16.2021],[99.7687,16.1979],[99.7729,16.1854],[99.7937,16.1687],[99.8021,16.1479],[99.7896,16.1312],[99.7937,16.1271],[99.7979,16.1312],[99.8104,16.1312],[99.8187,16.1146],[99.8354,16.1021],[99.8479,16.0771],[99.8729,16.0562],[99.8771,16.0146],[99.8687,16.0062],[99.8687,15.9937],[99.8812,15.9812],[99.8979,15.9771],[99.9146,15.9604],[99.9229,15.9604],[99.9396,15.9479],[99.9562,15.9437],[99.9687,15.9312],[99.9854,15.9354],[100.0062,15.9187],[100.0062,15.9062],[100.0187,15.8937],[100.0312,15.8979],[100.0604,15.8729],[100.0604,15.8646],[100.0521,15.8521],[100.0729,15.8396],[100.0812,15.8146],[100.0812,15.7812],[100.0896,15.7729],[100.0854,15.7562],[100.1062,15.7396],[100.1021,15.7354],[100.1062,15.7312],[100.1312,15.7312],[100.1479,15.7104],[100.1396,15.6979],[100.1271,15.6896],[100.1187,15.6896],[100.1104,15.6812],[100.1104,15.6729],[100.1021,15.6604],[100.1021,15.6354],[100.0937,15.6229],[100.0937,15.6104],[100.1062,15.5937],[100.0896,15.5771],[100.0812,15.5562],[100.0854,15.5521],[100.1104,15.5562],[100.1146,15.5521],[100.1146,15.5437],[100.0937,15.5271],[100.0937,15.5187],[100.1187,15.5062],[100.1104,15.4771],[100.1104,15.4562],[100.1187,15.4521],[100.1271,15.4604],[100.1354,15.4521],[100.1312,15.4479],[100.1354,15.4229],[100.1271,15.4146],[100.0979,15.4187],[100.0896,15.4104],[100.0896,15.3979],[100.1062,15.3771],[100.0937,15.3729],[100.0812,15.3812],[100.0729,15.3729],[100.1021,15.3479],[100.1021,15.3354],[100.0771,15.3146],[100.0812,15.3104],[100.0812,15.2979],[100.0562,15.2729],[100.0562,15.2646],[100.0854,15.2521],[100.0771,15.2396],[100.0771,15.2312],[100.1187,15.1979],[100.1187,15.1854],[100.1312,15.1729],[100.1812,15.1687],[100.2021,15.1854],[100.2146,15.1854],[100.2396,15.1604],[100.2396,15.1521],[100.2562,15.1312],[100.2604,15.1187],[100.2812,15.1021],[100.2812,15.0896],[100.3229,15.0396],[100.3354,14.9854],[100.3562,14.9604],[100.3687,14.9271],[100.3812,14.9146],[100.3937,14.9146],[100.3979,14.9104],[100.4062,14.8646],[100.4354,14.8437],[100.4354,14.8229],[100.4437,14.8021],[100.4437,14.7854],[100.4396,14.7812],[100.4396,14.7604],[100.4437,14.7562],[100.4396,14.7146],[100.4479,14.7062],[100.4521,14.6854],[100.4604,14.6771],[100.4646,14.6521],[100.4604,14.6479],[100.4521,14.5646],[100.4479,14.5604],[100.4479,14.5396],[100.4562,14.5271],[100.4562,14.5104],[100.4521,14.5062],[100.4562,14.4521],[100.4437,14.4354],[100.4396,14.3937],[100.4271,14.3729],[100.4312,14.3687],[100.4312,14.3479],[100.4479,14.3312],[100.4521,14.3146],[100.4604,14.3062],[100.4771,14.3062],[100.4854,14.2937],[100.4854,14.2354],[100.5062,14.1979],[100.5104,14.1437],[100.5387,14.1155]]}},{"type":"Feature","properties":{"damId":"230","km":642.8},"geometry":{"type":"LineString","coordinates":[[99.4521,17.3271],[99.4604,17.3271],[99.4687,17.3396],[99.4771,17.3312],[99.4854,17.3354],[99.4896,17.3312],[99.4937,17.3354],[99.5521,17.3021],[99.5854,17.3062],[99.6021,17.3187],[99.6312,17.3062],[99.6396,17.3104],[99.6729,17.2854],[99.6812,17.2729],[99.6854,17.2396],[99.7062,17.2146],[99.7187,17.2104],[99.7479,17.2146],[99.7604,17.2062],[99.7646,17.1937],[99.7896,17.1729],[99.7896,17.1604],[99.7854,17.1562],[99.8021,17.1437],[99.8271,17.1396],[99.8271,17.1187],[99.8187,17.0937],[99.8354,17.0771],[99.8396,17.0646],[99.8187,17.0479],[99.8229,17.0354],[99.8187,17.0104],[99.8354,16.9937],[99.8271,16.9687],[99.8271,16.9354],[99.8479,16.9146],[99.8604,16.9146],[99.8771,16.9021],[99.8896,16.9229],[99.9021,16.9271],[99.9354,16.9021],[99.9521,16.9229],[99.9604,16.9229],[99.9771,16.9146],[99.9896,16.8979],[100.0104,16.8937],[100.0187,16.8854],[100.0271,16.8646],[100.0396,16.8646],[100.0604,16.8479],[100.0604,16.8354],[100.0562,16.8312],[100.0771,16.8104],[100.0729,16.7979],[100.0854,16.7896],[100.0812,16.7854],[100.1104,16.7646],[100.1229,16.7437],[100.1396,16.7437],[100.1604,16.7271],[100.1771,16.7021],[100.1854,16.7021],[100.1937,16.6937],[100.1812,16.6646],[100.2312,16.6146],[100.2187,16.5854],[100.2229,16.5604],[100.2146,16.5479],[100.2146,16.5271],[100.2062,16.5146],[100.2062,16.4937],[100.1979,16.4812],[100.2312,16.4562],[100.2104,16.4312],[100.2312,16.4021],[100.2604,16.3854],[100.2562,16.3771],[100.2646,16.3687],[100.2646,16.3479],[100.2729,16.3354],[100.2687,16.3229],[100.2729,16.3021],[100.2479,16.2771],[100.2479,16.2646],[100.2521,16.2604],[100.2479,16.2562],[100.2479,16.2437],[100.2521,16.2396],[100.2479,16.2354],[100.2479,16.2104],[100.2521,16.2062],[100.2521,16.1937],[100.2729,16.1812],[100.2854,16.1604],[100.2812,16.1562],[100.3062,16.1437],[100.3021,16.1396],[100.3062,16.1187],[100.3146,16.1187],[100.3229,16.1104],[100.3229,16.0937],[100.3271,16.0896],[100.3354,16.0937],[100.3437,16.0896],[100.3396,16.0854],[100.3396,16.0687],[100.3354,16.0646],[100.3104,16.0646],[100.3021,16.0604],[100.2937,16.0521],[100.2896,16.0354],[100.2687,16.0146],[100.2729,16.0104],[100.2729,15.9979],[100.2646,15.9896],[100.2729,15.9812],[100.2646,15.9729],[100.2604,15.9771],[100.2562,15.9729],[100.2562,15.9521],[100.2521,15.9479],[100.2771,15.9229],[100.2687,15.9146],[100.2562,15.9187],[100.2479,15.9146],[100.2562,15.9021],[100.2687,15.8979],[100.2646,15.8854],[100.2521,15.8771],[100.2646,15.8687],[100.2479,15.8604],[100.2562,15.8354],[100.2521,15.8312],[100.2521,15.8146],[100.2396,15.7937],[100.2271,15.7979],[100.2146,15.7937],[100.2187,15.7854],[100.2271,15.7854],[100.2354,15.7771],[100.2104,15.7521],[100.1854,15.7479],[100.1646,15.7187],[100.1521,15.7146],[100.1271,15.6896],[100.1187,15.6896],[100.1104,15.6812],[100.1104,15.6729],[100.1021,15.6604],[100.1021,15.6354],[100.0937,15.6229],[100.0937,15.6104],[100.1062,15.5937],[100.0896,15.5771],[100.0812,15.5562],[100.0854,15.5521],[100.1104,15.5562],[100.1146,15.5521],[100.1146,15.5437],[100.0937,15.5271],[100.0937,15.5187],[100.1187,15.5062],[100.1104,15.4771],[100.1104,15.4562],[100.1187,15.4521],[100.1271,15.4604],[100.1354,15.4521],[100.1312,15.4479],[100.1354,15.4229],[100.1271,15.4146],[100.0979,15.4187],[100.0896,15.4104],[100.0896,15.3979],[100.1062,15.3771],[100.0937,15.3729],[100.0812,15.3812],[100.0729,15.3729],[100.1021,15.3479],[100.1021,15.3354],[100.0771,15.3146],[100.0812,15.3104],[100.0812,15.2979],[100.0562,15.2729],[100.0562,15.2646],[100.0854,15.2521],[100.0771,15.2396],[100.0771,15.2312],[100.1187,15.1979],[100.1187,15.1854],[100.1312,15.1729],[100.1812,15.1687],[100.2021,15.1854],[100.2146,15.1854],[100.2396,15.1604],[100.2396,15.1521],[100.2562,15.1312],[100.2604,15.1187],[100.2812,15.1021],[100.2812,15.0896],[100.3229,15.0396],[100.3354,14.9854],[100.3562,14.9604],[100.3687,14.9271],[100.3812,14.9146],[100.3937,14.9146],[100.3979,14.9104],[100.4062,14.8646],[100.4354,14.8437],[100.4354,14.8229],[100.4437,14.8021],[100.4437,14.7854],[100.4396,14.7812],[100.4396,14.7604],[100.4437,14.7562],[100.4396,14.7146],[100.4479,14.7062],[100.4521,14.6854],[100.4604,14.6771],[100.4646,14.6521],[100.4604,14.6479],[100.4521,14.5646],[100.4479,14.5604],[100.4479,14.5396],[100.4562,14.5271],[100.4562,14.5104],[100.4521,14.5062],[100.4562,14.4521],[100.4437,14.4354],[100.4396,14.3937],[100.4271,14.3729],[100.4312,14.3687],[100.4312,14.3479],[100.4479,14.3312],[100.4521,14.3146],[100.4604,14.3062],[100.4771,14.3062],[100.4854,14.2937],[100.4854,14.2354],[100.5062,14.1979],[100.5104,14.1437],[100.5437,14.1104],[100.5437,14.0979],[100.5271,14.0812],[100.5271,14.0729],[100.5521,14.0479],[100.5521,14.0354],[100.5396,14.0229],[100.5396,13.9937],[100.5271,13.9812],[100.5396,13.9521],[100.5271,13.9437],[100.5104,13.9437],[100.5021,13.9354],[100.5021,13.9271],[100.4896,13.9062],[100.4896,13.8896],[100.4771,13.8771],[100.4771,13.8562],[100.4896,13.8479],[100.4896,13.8396],[100.5187,13.8062],[100.5146,13.7937],[100.5021,13.7812],[100.5021,13.7729],[100.4896,13.7604],[100.4896,13.7479],[100.4979,13.7396],[100.5062,13.7396],[100.5146,13.7229],[100.4896,13.6937],[100.5187,13.6854],[100.5396,13.6687],[100.5521,13.6812],[100.5521,13.7021],[100.5562,13.7062],[100.5729,13.7062],[100.5854,13.6937],[100.5896,13.6812],[100.5687,13.6604],[100.5604,13.6562],[100.5396,13.6604],[100.5354,13.6562],[100.5354,13.6354],[100.5604,13.6146]]}},{"type":"Feature","properties":{"damId":"12","km":700},"geometry":{"type":"LineString","coordinates":[[100.5521,17.7396],[100.5229,17.7354],[100.5187,17.7229],[100.5062,17.7146],[100.4854,17.7187],[100.4729,17.7062],[100.4479,17.7104],[100.4354,17.7021],[100.4271,17.7062],[100.4187,17.6979],[100.4104,17.7229],[100.3937,17.7062],[100.3812,17.7187],[100.3771,17.7062],[100.3312,17.6646],[100.3021,17.6646],[100.2854,17.6521],[100.2729,17.6521],[100.2646,17.6437],[100.2479,17.6437],[100.2396,17.6354],[100.2187,17.6479],[100.2229,17.6604],[100.2187,17.6687],[100.1812,17.6646],[100.1771,17.6604],[100.1687,17.6646],[100.1396,17.6604],[100.1021,17.6229],[100.0979,17.6104],[100.1021,17.6021],[100.1312,17.5771],[100.1271,17.5604],[100.1104,17.5437],[100.1104,17.5312],[100.1229,17.5187],[100.1271,17.5021],[100.1354,17.4937],[100.1354,17.4812],[100.1187,17.4687],[100.1354,17.4354],[100.1271,17.4146],[100.1187,17.4104],[100.1062,17.4146],[100.1021,17.4104],[100.1146,17.3979],[100.0979,17.3896],[100.1021,17.3771],[100.0979,17.3729],[100.0729,17.3729],[100.0646,17.3646],[100.0687,17.3521],[100.0646,17.3104],[100.0854,17.2937],[100.0729,17.2771],[100.0854,17.2646],[100.0854,17.2562],[100.0812,17.2521],[100.0687,17.2521],[100.0604,17.2437],[100.0604,17.2271],[100.0479,17.2146],[100.0687,17.2021],[100.0687,17.1854],[100.0646,17.1812],[100.0854,17.1687],[100.0896,17.1521],[100.1062,17.1396],[100.1021,17.1312],[100.1062,17.1271],[100.1146,17.1271],[100.1437,17.1021],[100.1562,17.1062],[100.1646,17.0979],[100.1562,17.0854],[100.1729,17.0729],[100.1812,17.0562],[100.1646,17.0479],[100.1687,17.0396],[100.1812,17.0354],[100.1854,17.0229],[100.1771,17.0104],[100.1937,16.9896],[100.2021,16.9937],[100.2104,16.9854],[100.2021,16.9729],[100.2104,16.9562],[100.1979,16.9479],[100.2104,16.9312],[100.2187,16.9312],[100.2187,16.9229],[100.2104,16.9146],[100.2104,16.9021],[100.2146,16.8979],[100.2271,16.8979],[100.2396,16.8854],[100.2396,16.8729],[100.2437,16.8687],[100.2312,16.8562],[100.2354,16.8521],[100.2479,16.8521],[100.2646,16.8354],[100.2604,16.8146],[100.2354,16.7979],[100.2271,16.8062],[100.2104,16.7896],[100.2104,16.7771],[100.2062,16.7729],[100.2104,16.7687],[100.2062,16.7604],[100.2312,16.7396],[100.2354,16.7271],[100.2729,16.6896],[100.2729,16.6771],[100.2687,16.6729],[100.2729,16.6687],[100.2604,16.6646],[100.2521,16.6729],[100.2396,16.6562],[100.2396,16.6479],[100.2479,16.6396],[100.2437,16.6354],[100.2562,16.6229],[100.2479,16.5979],[100.2521,16.5854],[100.2396,16.5812],[100.2479,16.5729],[100.2437,16.5562],[100.2562,16.5479],[100.2521,16.5354],[100.2562,16.5312],[100.2604,16.5354],[100.2729,16.5187],[100.2729,16.5021],[100.2771,16.4979],[100.2854,16.5062],[100.3146,16.5187],[100.3271,16.5146],[100.3229,16.4854],[100.3396,16.4646],[100.3396,16.4562],[100.3604,16.4354],[100.3687,16.4146],[100.3812,16.4021],[100.3812,16.3854],[100.3687,16.3729],[100.3771,16.3646],[100.3771,16.3562],[100.3937,16.3479],[100.3979,16.3146],[100.4146,16.2896],[100.4104,16.2312],[100.4187,16.2229],[100.4187,16.2146],[100.4104,16.1979],[100.4229,16.1896],[100.4104,16.1562],[100.4104,16.1437],[100.3979,16.1229],[100.4021,16.1104],[100.3979,16.0979],[100.4021,16.0937],[100.3729,16.0437],[100.3729,16.0187],[100.3604,16.0021],[100.3521,16.0021],[100.3396,15.9896],[100.3271,15.9896],[100.3229,15.9854],[100.3187,15.9604],[100.2979,15.9479],[100.3021,15.9396],[100.2937,15.9312],[100.2937,15.9187],[100.3021,15.9062],[100.3021,15.8979],[100.2812,15.8812],[100.2687,15.8771],[100.2604,15.8646],[100.2479,15.8604],[100.2562,15.8354],[100.2437,15.7979],[100.2396,15.7937],[100.2271,15.7979],[100.2146,15.7937],[100.2187,15.7854],[100.2271,15.7854],[100.2354,15.7771],[100.2104,15.7521],[100.1854,15.7479],[100.1646,15.7187],[100.1521,15.7146],[100.1271,15.6896],[100.1187,15.6896],[100.1104,15.6812],[100.1104,15.6729],[100.1021,15.6604],[100.1021,15.6354],[100.0937,15.6229],[100.0937,15.6104],[100.1062,15.5937],[100.0896,15.5771],[100.0812,15.5562],[100.0854,15.5521],[100.1104,15.5562],[100.1146,15.5521],[100.1146,15.5437],[100.0937,15.5271],[100.0937,15.5187],[100.1187,15.5062],[100.1104,15.4771],[100.1104,15.4562],[100.1187,15.4521],[100.1271,15.4604],[100.1354,15.4521],[100.1312,15.4479],[100.1354,15.4229],[100.1271,15.4146],[100.0979,15.4187],[100.0896,15.4104],[100.0896,15.3979],[100.1062,15.3771],[100.0937,15.3729],[100.0812,15.3812],[100.0729,15.3729],[100.1021,15.3479],[100.1021,15.3354],[100.0771,15.3146],[100.0812,15.3104],[100.0812,15.2979],[100.0562,15.2729],[100.0562,15.2646],[100.0854,15.2521],[100.0771,15.2396],[100.0771,15.2312],[100.1187,15.1979],[100.1187,15.1854],[100.1312,15.1729],[100.1812,15.1687],[100.2021,15.1854],[100.2146,15.1854],[100.2396,15.1604],[100.2396,15.1521],[100.2562,15.1312],[100.2604,15.1187],[100.2812,15.1021],[100.2812,15.0896],[100.3229,15.0396],[100.3354,14.9854],[100.3562,14.9604],[100.3687,14.9271],[100.3812,14.9146],[100.3937,14.9146],[100.3979,14.9104],[100.4062,14.8646],[100.4354,14.8437],[100.4354,14.8229],[100.4437,14.8021],[100.4437,14.7854],[100.4396,14.7812],[100.4396,14.7604],[100.4437,14.7562],[100.4396,14.7146],[100.4479,14.7062],[100.4521,14.6854],[100.4604,14.6771],[100.4646,14.6521],[100.4604,14.6479],[100.4521,14.5646],[100.4479,14.5604],[100.4479,14.5396],[100.4562,14.5271],[100.4562,14.5104],[100.4521,14.5062],[100.4562,14.4521],[100.4437,14.4354],[100.4396,14.3937],[100.4271,14.3729],[100.4312,14.3687],[100.4312,14.3479],[100.4479,14.3312],[100.4521,14.3146],[100.4604,14.3062],[100.4771,14.3062],[100.4854,14.2937],[100.4854,14.2354],[100.5062,14.1979],[100.5104,14.1437],[100.5437,14.1104],[100.5437,14.0979],[100.5271,14.0812],[100.5271,14.0729],[100.5521,14.0479],[100.5521,14.0354],[100.5396,14.0229],[100.5396,13.9937],[100.5271,13.9812],[100.5396,13.9521],[100.5271,13.9437],[100.5104,13.9437],[100.5021,13.9354],[100.5021,13.9271],[100.4896,13.9062],[100.4896,13.8896],[100.4771,13.8771],[100.4771,13.8562],[100.4896,13.8479],[100.4896,13.8396],[100.5187,13.8062],[100.5146,13.7937],[100.5021,13.7812],[100.5021,13.7729],[100.4896,13.7604],[100.4896,13.7479],[100.4979,13.7396],[100.5062,13.7396],[100.5146,13.7229],[100.4896,13.6937],[100.5187,13.6854],[100.5312,13.6729],[100.5437,13.6687],[100.5521,13.6812],[100.5521,13.7021],[100.5621,13.7062]]}},{"type":"Feature","properties":{"damId":"11","km":235.6},"geometry":{"type":"LineString","coordinates":[[101.0771,14.8437],[101.0771,14.8354],[101.0854,14.8271],[101.0854,14.8146],[101.0771,14.7937],[101.0771,14.7604],[101.0646,14.7437],[101.0646,14.7312],[101.0771,14.7104],[101.0562,14.6896],[101.0312,14.6854],[101.0229,14.6771],[101.0271,14.6562],[101.0229,14.6521],[101.0187,14.6104],[101.0104,14.5937],[100.9729,14.5896],[100.9687,14.5854],[100.9687,14.5646],[100.9562,14.5562],[100.9396,14.5687],[100.9312,14.5437],[100.9146,14.5312],[100.8896,14.5562],[100.8812,14.5521],[100.8687,14.5562],[100.8479,14.5521],[100.8396,14.5604],[100.8146,14.5604],[100.8104,14.5646],[100.8021,14.5604],[100.7937,14.5646],[100.7812,14.5604],[100.7687,14.5646],[100.7604,14.5604],[100.7271,14.5646],[100.7146,14.5479],[100.6771,14.5271],[100.6687,14.5187],[100.6687,14.5062],[100.6646,14.5021],[100.6521,14.5104],[100.6437,14.4979],[100.6312,14.4979],[100.6271,14.4854],[100.6021,14.4604],[100.5979,14.4146],[100.5854,14.3979],[100.5854,14.3479],[100.5771,14.3396],[100.5771,14.3229],[100.5687,14.3104],[100.5687,14.2854],[100.5854,14.2687],[100.5854,14.2396],[100.5771,14.2271],[100.5771,14.2187],[100.5562,14.1979],[100.5104,14.1979],[100.5062,14.1937],[100.5104,14.1437],[100.5437,14.1104],[100.5437,14.0979],[100.5271,14.0812],[100.5271,14.0729],[100.5521,14.0479],[100.5521,14.0354],[100.5396,14.0229],[100.5396,13.9937],[100.5271,13.9812],[100.5396,13.9521],[100.5271,13.9437],[100.5104,13.9437],[100.5021,13.9354],[100.5021,13.9271],[100.4896,13.9062],[100.4896,13.8896],[100.4771,13.8771],[100.4771,13.8562],[100.4896,13.8479],[100.4896,13.8396],[100.5187,13.8062],[100.5146,13.7937],[100.5021,13.7812],[100.5021,13.7729],[100.4896,13.7604],[100.4896,13.7479],[100.4979,13.7396],[100.5062,13.7396],[100.5146,13.7229],[100.4896,13.6937],[100.5187,13.6854],[100.5396,13.6687],[100.5521,13.6812],[100.5521,13.7021],[100.5562,13.7062],[100.5729,13.7062],[100.5896,13.6854],[100.5687,13.6604],[100.5604,13.6562],[100.5396,13.6604],[100.5354,13.6562],[100.5354,13.6354],[100.5604,13.6146]]}},{"type":"Feature","properties":{"damId":"17","km":252.1},"geometry":{"type":"LineString","coordinates":[[99.7062,14.8187],[99.7146,14.8229],[99.7229,14.8146],[99.7271,14.8187],[99.7521,14.8104],[99.7937,14.8271],[99.8104,14.8521],[99.8271,14.8521],[99.8437,14.8646],[99.8646,14.8604],[99.8854,14.8729],[99.9021,14.8729],[99.9146,14.8812],[99.9229,14.8729],[99.9354,14.8729],[99.9437,14.8646],[99.9854,14.8604],[99.9979,14.8521],[100.0312,14.8479],[100.0396,14.8396],[100.0604,14.8396],[100.0812,14.8146],[100.0854,14.7896],[100.0937,14.7729],[100.0979,14.6979],[100.1062,14.6812],[100.1187,14.6687],[100.1312,14.6646],[100.1479,14.6437],[100.1437,14.6354],[100.1479,14.6229],[100.1437,14.5812],[100.1187,14.5354],[100.1146,14.5187],[100.1271,14.5021],[100.1187,14.4896],[100.1187,14.4687],[100.1229,14.4646],[100.1229,14.4521],[100.1354,14.4354],[100.1354,14.4187],[100.1437,14.4062],[100.1646,14.3937],[100.1646,14.3854],[100.1521,14.3729],[100.1521,14.3604],[100.1479,14.3562],[100.1479,14.3062],[100.1354,14.2937],[100.1312,14.2521],[100.1187,14.2229],[100.1187,14.2062],[100.1229,14.2021],[100.1187,14.1729],[100.1312,14.1521],[100.1271,14.1187],[100.1479,14.1021],[100.1687,14.1021],[100.1729,14.0979],[100.1687,14.0729],[100.1729,14.0687],[100.1729,14.0146],[100.1812,13.9937],[100.1812,13.9729],[100.1937,13.9687],[100.2062,13.9521],[100.2021,13.9271],[100.2104,13.9187],[100.2104,13.9021],[100.2187,13.8937],[100.2146,13.8604],[100.2229,13.8521],[100.2229,13.8187],[100.2187,13.8146],[100.1979,13.8146],[100.1896,13.8062],[100.1896,13.7979],[100.2021,13.7854],[100.2354,13.7896],[100.2479,13.7687],[100.2771,13.7729],[100.2854,13.7646],[100.2646,13.7437],[100.2396,13.7479],[100.2354,13.7437],[100.2396,13.7271],[100.2312,13.7187],[100.2146,13.7229],[100.2062,13.7146],[100.2146,13.6979],[100.2312,13.7062],[100.2437,13.6854],[100.2521,13.6854],[100.2604,13.6937],[100.2604,13.7062],[100.2646,13.7104],[100.2729,13.7021],[100.2729,13.6896],[100.2646,13.6812],[100.2687,13.6687],[100.2646,13.6604],[100.2229,13.6604],[100.2187,13.6562],[100.2187,13.6479],[100.2312,13.6396],[100.2312,13.6312],[100.2229,13.6229],[100.2271,13.6187],[100.2271,13.6021],[100.2229,13.5979],[100.2312,13.5896],[100.2312,13.5771],[100.2521,13.5562],[100.2521,13.5396],[100.2646,13.5271]]}},{"type":"Feature","properties":{"damId":"14","km":203.2},"geometry":{"type":"LineString","coordinates":[[99.1479,14.3729],[99.1562,14.3604],[99.1646,14.3604],[99.1937,14.3354],[99.2146,14.3062],[99.2062,14.2979],[99.2312,14.2687],[99.2271,14.2437],[99.2396,14.2312],[99.2229,14.2104],[99.2396,14.2021],[99.2646,14.1687],[99.2729,14.1687],[99.2979,14.1479],[99.3104,14.1479],[99.3312,14.1354],[99.3396,14.1354],[99.3604,14.1146],[99.3687,14.1187],[99.3812,14.1104],[99.3937,14.1104],[99.3979,14.1146],[99.4146,14.0979],[99.4146,14.0854],[99.4229,14.0729],[99.4479,14.0562],[99.4562,14.0562],[99.4729,14.0771],[99.4812,14.0687],[99.4812,14.0521],[99.4771,14.0479],[99.4812,14.0396],[99.4979,14.0437],[99.5146,14.0354],[99.5271,14.0229],[99.5354,13.9979],[99.5646,13.9896],[99.5896,13.9687],[99.6104,13.9687],[99.6229,13.9562],[99.6437,13.9521],[99.6562,13.9312],[99.6771,13.9271],[99.6979,13.9437],[99.7104,13.9396],[99.7437,13.9396],[99.7521,13.9312],[99.7604,13.9354],[99.7729,13.9312],[99.7812,13.9229],[99.7771,13.9146],[99.7979,13.9062],[99.8187,13.8729],[99.8396,13.8729],[99.8687,13.8479],[99.8646,13.8437],[99.8646,13.8187],[99.8729,13.8062],[99.8479,13.7729],[99.8396,13.7479],[99.8479,13.7354],[99.8479,13.6979],[99.8229,13.6896],[99.8229,13.6812],[99.8146,13.6729],[99.8187,13.6646],[99.8146,13.6562],[99.8187,13.6354],[99.8062,13.6229],[99.7979,13.6021],[99.8229,13.5687],[99.8187,13.5604],[99.8187,13.5479],[99.8229,13.5437],[99.8437,13.5396],[99.8562,13.5271],[99.8979,13.5312],[99.9062,13.5229],[99.9437,13.4604],[99.9479,13.4271],[99.9646,13.4104],[99.9729,13.4104],[99.9812,13.4021],[99.9896,13.4187],[99.9979,13.4104],[99.9979,13.4021],[99.9854,13.3854],[99.9937,13.3729]]}},{"type":"Feature","properties":{"damId":"15","km":317.8},"geometry":{"type":"LineString","coordinates":[[98.6312,14.7646],[98.6354,14.7354],[98.6562,14.7271],[98.6646,14.7187],[98.6604,14.7104],[98.6646,14.7062],[98.6646,14.6812],[98.6687,14.6771],[98.6646,14.6729],[98.6687,14.6687],[98.6646,14.6479],[98.6937,14.6271],[98.7062,14.6271],[98.7104,14.6312],[98.7146,14.6271],[98.7146,14.6146],[98.7354,14.5896],[98.7312,14.5771],[98.7396,14.5646],[98.7687,14.5396],[98.7771,14.5396],[98.7937,14.5271],[98.7979,14.5187],[98.8146,14.5271],[98.8146,14.5104],[98.8479,14.4729],[98.8437,14.4479],[98.8521,14.4354],[98.8437,14.4271],[98.8437,14.4146],[98.8937,14.3646],[98.9187,14.3604],[98.9312,14.3437],[98.9562,14.3396],[98.9646,14.3312],[98.9687,14.3187],[99.0187,14.2604],[99.0229,14.2479],[99.0187,14.2437],[99.0396,14.2312],[99.0771,14.1937],[99.0896,14.1687],[99.0854,14.1646],[99.0937,14.1562],[99.1187,14.1479],[99.1271,14.1354],[99.1229,14.1312],[99.1271,14.1229],[99.1396,14.1104],[99.1479,14.1104],[99.1521,14.1021],[99.1687,14.1021],[99.1896,14.0812],[99.1854,14.0771],[99.1896,14.0729],[99.2021,14.0729],[99.2062,14.0771],[99.2104,14.0729],[99.2062,14.0646],[99.2146,14.0479],[99.2229,14.0604],[99.2312,14.0562],[99.2271,14.0521],[99.2271,14.0396],[99.2312,14.0354],[99.2437,14.0354],[99.2521,14.0271],[99.2437,14.0146],[99.2479,14.0104],[99.2562,14.0146],[99.2687,14.0021],[99.2729,13.9729],[99.2812,13.9646],[99.2937,13.9771],[99.3021,13.9771],[99.3187,13.9521],[99.3437,13.9521],[99.3479,13.9479],[99.3687,13.9479],[99.3729,13.9521],[99.3896,13.9396],[99.4062,13.9396],[99.4354,13.9062],[99.4687,13.8937],[99.4729,13.9062],[99.4896,13.9229],[99.4896,13.9312],[99.4687,13.9562],[99.4687,13.9687],[99.4854,13.9812],[99.4979,13.9812],[99.5062,13.9729],[99.5104,13.9771],[99.5104,13.9979],[99.5271,14.0146],[99.5354,13.9979],[99.5646,13.9896],[99.5812,13.9729],[99.6104,13.9687],[99.6229,13.9562],[99.6437,13.9521],[99.6562,13.9312],[99.6771,13.9271],[99.6979,13.9437],[99.7104,13.9396],[99.7437,13.9396],[99.7521,13.9312],[99.7604,13.9354],[99.7729,13.9312],[99.7812,13.9229],[99.7771,13.9146],[99.7979,13.9062],[99.8187,13.8729],[99.8396,13.8729],[99.8687,13.8479],[99.8646,13.8437],[99.8646,13.8187],[99.8729,13.8062],[99.8479,13.7729],[99.8396,13.7479],[99.8479,13.7354],[99.8479,13.6979],[99.8229,13.6896],[99.8229,13.6812],[99.8146,13.6729],[99.8187,13.6646],[99.8146,13.6562],[99.8187,13.6354],[99.8062,13.6229],[99.7979,13.6021],[99.8229,13.5687],[99.8187,13.5604],[99.8187,13.5479],[99.8229,13.5437],[99.8437,13.5396],[99.8562,13.5271],[99.8979,13.5312],[99.9062,13.5229],[99.9437,13.4604],[99.9479,13.4271],[99.9646,13.4104],[99.9729,13.4104],[99.9812,13.4021],[99.9896,13.4187],[99.9979,13.4104],[99.9979,13.4021],[99.9854,13.3854],[99.9937,13.3729]]}},{"type":"Feature","properties":{"damId":"37","km":215.4},"geometry":{"type":"LineString","coordinates":[[101.9854,14.0812],[101.9354,14.0646],[101.9146,14.0687],[101.9021,14.0562],[101.8854,14.0521],[101.8729,14.0396],[101.8604,14.0396],[101.8521,14.0312],[101.7771,14.0437],[101.7729,14.0396],[101.7771,14.0354],[101.7687,14.0271],[101.7604,14.0312],[101.7354,14.0062],[101.7187,14.0021],[101.7062,13.9854],[101.6646,13.9812],[101.6521,13.9687],[101.6396,13.9687],[101.6312,13.9604],[101.6146,13.9729],[101.6104,13.9687],[101.5812,13.9687],[101.5687,13.9604],[101.5604,13.9604],[101.5437,13.9771],[101.5312,13.9687],[101.5146,13.9771],[101.4896,13.9771],[101.4854,13.9729],[101.4521,13.9937],[101.4521,14.0062],[101.4479,14.0104],[101.4521,14.0229],[101.4479,14.0271],[101.4312,14.0271],[101.3979,14.0562],[101.3896,14.0521],[101.3437,14.0521],[101.3354,14.0354],[101.3354,14.0146],[101.3187,14.0021],[101.2937,14.0104],[101.2812,14.0062],[101.2729,14.0104],[101.2312,14.0062],[101.2062,13.9812],[101.2146,13.9729],[101.2146,13.9562],[101.1979,13.9437],[101.1854,13.9437],[101.1771,13.9354],[101.1771,13.9062],[101.1687,13.8979],[101.1687,13.8854],[101.1646,13.8812],[101.1521,13.8812],[101.1479,13.8854],[101.1396,13.8771],[101.1562,13.8604],[101.1479,13.8521],[101.1562,13.8437],[101.1562,13.8312],[101.1771,13.8187],[101.1812,13.8021],[101.2021,13.7729],[101.2021,13.7646],[101.1896,13.7521],[101.1771,13.7562],[101.1729,13.7479],[101.1812,13.7396],[101.2062,13.7312],[101.1979,13.7229],[101.1812,13.7229],[101.1687,13.7104],[101.1646,13.6979],[101.1437,13.7104],[101.1187,13.7104],[101.0771,13.6854],[101.0771,13.6771],[101.0646,13.6687],[101.0646,13.6604],[101.0896,13.6396],[101.0896,13.6312],[101.0812,13.6229],[101.0687,13.6271],[101.0604,13.6187],[101.0604,13.6062],[101.0646,13.6021],[101.0729,13.6062],[101.0771,13.6021],[101.0771,13.5896],[101.0729,13.5854],[101.0479,13.5854],[101.0396,13.5937],[101.0312,13.5854],[101.0396,13.5687],[101.0271,13.5646],[101.0187,13.5521],[101.0062,13.5521],[100.9979,13.5437],[100.9979,13.5146],[101.0021,13.5104],[101.0146,13.5104],[101.0187,13.5062],[101.0187,13.4937],[101.0104,13.4854],[101.0021,13.4854],[100.9896,13.4979],[100.9812,13.4937]]}},{"type":"Feature","properties":{"damId":"30","km":137.8},"geometry":{"type":"LineString","coordinates":[[101.6479,13.4521],[101.6479,13.4604],[101.6354,13.4729],[101.6229,13.4771],[101.6021,13.5062],[101.5854,13.5062],[101.5812,13.5104],[101.5812,13.5229],[101.5687,13.5396],[101.5479,13.5521],[101.5437,13.5604],[101.5479,13.5729],[101.5354,13.5771],[101.5229,13.5896],[101.5104,13.6104],[101.5104,13.6271],[101.4979,13.6396],[101.4604,13.6521],[101.4354,13.6771],[101.4354,13.6937],[101.4312,13.6979],[101.4146,13.7021],[101.4104,13.7104],[101.4021,13.7104],[101.3896,13.7229],[101.3771,13.7229],[101.3687,13.7312],[101.3562,13.7271],[101.3396,13.7479],[101.3271,13.7354],[101.3187,13.7354],[101.3104,13.7479],[101.2771,13.7562],[101.2604,13.7729],[101.2396,13.7437],[101.2062,13.7396],[101.2021,13.7354],[101.2062,13.7312],[101.1979,13.7229],[101.1812,13.7229],[101.1687,13.7104],[101.1646,13.6979],[101.1437,13.7104],[101.1187,13.7104],[101.0771,13.6854],[101.0771,13.6771],[101.0646,13.6687],[101.0646,13.6604],[101.0896,13.6396],[101.0896,13.6312],[101.0812,13.6229],[101.0687,13.6271],[101.0604,13.6187],[101.0604,13.6062],[101.0646,13.6021],[101.0729,13.6062],[101.0771,13.6021],[101.0771,13.5896],[101.0729,13.5854],[101.0479,13.5854],[101.0396,13.5937],[101.0312,13.5854],[101.0396,13.5687],[101.0271,13.5646],[101.0187,13.5521],[101.0062,13.5521],[100.9979,13.5437],[100.9979,13.5146],[101.0021,13.5104],[101.0146,13.5104],[101.0187,13.5062],[101.0187,13.4937],[101.0104,13.4854],[101.0021,13.4854],[100.9896,13.4979],[100.9812,13.4937]]}},{"type":"Feature","properties":{"damId":"26","km":94.6},"geometry":{"type":"LineString","coordinates":[[101.2604,6.1979],[101.2729,6.2104],[101.2687,6.2437],[101.2937,6.2729],[101.2854,6.2896],[101.2979,6.3062],[101.2854,6.3146],[101.2896,6.3521],[101.2729,6.3646],[101.2771,6.3771],[101.2604,6.3854],[101.2687,6.3979],[101.2687,6.4062],[101.2771,6.4146],[101.2646,6.4271],[101.2604,6.4437],[101.2437,6.4646],[101.2354,6.4937],[101.2479,6.5021],[101.2479,6.5146],[101.2979,6.5604],[101.3021,6.6437],[101.2896,6.6646],[101.3062,6.6812],[101.3062,6.7062],[101.2979,6.7146],[101.2979,6.7312],[101.2812,6.7479],[101.2687,6.7729],[101.2729,6.7937],[101.2646,6.8021],[101.2646,6.8521],[101.2729,6.8646],[101.2687,6.8729],[101.2729,6.8937]]}},{"type":"Feature","properties":{"damId":"5","km":700},"geometry":{"type":"LineString","coordinates":[[102.5687,17.3937],[102.5979,17.4229],[102.6396,17.4479],[102.6521,17.4479],[102.6687,17.4646],[102.6771,17.4646],[102.6854,17.4562],[102.6979,17.4687],[102.7187,17.4687],[102.7229,17.4646],[102.7312,17.4729],[102.7479,17.4771],[102.7604,17.4896],[102.7812,17.4854],[102.7937,17.4771],[102.8229,17.4771],[102.8312,17.4812],[102.8354,17.4771],[102.8479,17.4771],[102.8562,17.4687],[102.8812,17.4687],[102.8979,17.4604],[102.9187,17.4604],[102.9312,17.4729],[102.9396,17.4729],[102.9562,17.4604],[102.9604,17.4646],[102.9729,17.4646],[102.9937,17.4979],[102.9937,17.5187],[103.0229,17.5479],[103.0312,17.5479],[103.0562,17.5646],[103.0646,17.5646],[103.1021,17.6021],[103.1104,17.6354],[103.0979,17.6437],[103.0979,17.6604],[103.1062,17.6729],[103.1062,17.6937],[103.1187,17.7146],[103.1187,17.7396],[103.1271,17.7521],[103.1104,17.7771],[103.1229,17.8354],[103.1187,17.8396],[103.1187,17.8604],[103.0854,17.8812],[103.0729,17.9104],[103.0729,17.9312],[103.0646,17.9396],[103.0687,17.9437],[103.0604,17.9562],[103.0604,17.9646],[103.0687,17.9771],[103.0687,17.9937],[103.0812,18.0062],[103.0687,18.0229],[103.0812,18.0396],[103.0812,18.0604],[103.0729,18.0729],[103.0729,18.0979],[103.0687,18.1062],[103.0729,18.1187],[103.0896,18.1354],[103.1104,18.1437],[103.1479,18.1812],[103.1521,18.1937],[103.1521,18.2354],[103.1729,18.2604],[103.2854,18.2937],[103.2937,18.3062],[103.2937,18.3229],[103.2854,18.3312],[103.2604,18.3312],[103.2521,18.3354],[103.2396,18.3521],[103.2396,18.3687],[103.2771,18.4062],[103.3104,18.4312],[103.3521,18.4312],[103.4021,18.4479],[103.4271,18.4479],[103.4604,18.4271],[103.5396,18.4271],[103.5521,18.4229],[103.5729,18.4062],[103.6146,18.4062],[103.6229,18.4021],[103.7021,18.3437],[103.7854,18.3437],[103.7896,18.3479],[103.8104,18.3479],[103.8354,18.3229],[103.8396,18.3062],[103.8562,18.2896],[103.8771,18.2896],[103.9312,18.3312],[103.9687,18.3396],[104.0104,18.2937],[104.0146,18.2771],[104.0562,18.2229],[104.0646,18.1979],[104.0771,18.1854],[104.1021,18.1146],[104.2021,18.0146],[104.2021,18.0021],[104.2187,17.9854],[104.2312,17.9604],[104.2354,17.9396],[104.2562,17.9021],[104.2604,17.8854],[104.2854,17.8604],[104.3312,17.8437],[104.3562,17.8187],[104.3979,17.7396],[104.4812,17.6479],[104.4896,17.6479],[104.5312,17.6229],[104.5479,17.6187],[104.5812,17.6021],[104.6062,17.5812],[104.6187,17.5812],[104.6562,17.5562],[104.6729,17.5521],[104.7229,17.5021],[104.7229,17.4937],[104.7437,17.4562],[104.7812,17.4187],[104.7937,17.3979],[104.7937,17.3896],[104.8021,17.3771],[104.8021,17.3187],[104.8104,17.2937],[104.8104,17.2104],[104.8062,17.2062],[104.8062,17.1646],[104.7979,17.1396],[104.7812,17.1187],[104.7771,17.0896],[104.7646,17.0687],[104.7437,17.0062],[104.7437,16.9021],[104.7562,16.8854],[104.7562,16.8521],[104.7604,16.8479],[104.7604,16.8312],[104.7479,16.8187],[104.7479,16.7479],[104.7562,16.7354],[104.7562,16.7146],[104.7604,16.7104],[104.7604,16.6646],[104.7479,16.6229],[104.7437,16.5312],[104.7729,16.5021],[104.8021,16.4812],[104.8104,16.4812],[104.8479,16.4437],[104.8604,16.4229],[104.8729,16.3854],[104.9062,16.3521],[104.9312,16.3396],[104.9479,16.3229],[104.9562,16.2979],[104.9896,16.2729],[104.9937,16.2604],[105.0146,16.2396],[105.0146,16.2021],[105.0104,16.1896],[105.0187,16.1812],[105.0229,16.1604],[105.0354,16.1437],[105.0354,16.1354],[105.0479,16.1229],[105.0604,16.1187],[105.0812,16.0937],[105.0979,16.0937],[105.1062,16.0854],[105.1354,16.0854],[105.1896,16.0604],[105.2312,16.0479],[105.2729,16.0479],[105.2896,16.0354],[105.3521,16.0312],[105.3646,16.0229],[105.4021,16.0229],[105.4104,16.0187],[105.4229,16.0062],[105.4229,15.9937],[105.4187,15.9896],[105.3896,15.9896],[105.3687,15.9646],[105.3687,15.9562],[105.3562,15.9437],[105.3437,15.9187],[105.3812,15.8396],[105.3896,15.8312],[105.3937,15.8021],[105.4146,15.7937],[105.4187,15.7896],[105.4187,15.7771],[105.4479,15.7521],[105.4729,15.7479],[105.4937,15.7646],[105.5062,15.7687],[105.5354,15.7479],[105.5562,15.7479],[105.5604,15.7396],[105.5937,15.7271],[105.6021,15.7187],[105.6075,15.6966]]}},{"type":"Feature","properties":{"damId":"7","km":700},"geometry":{"type":"LineString","coordinates":[[102.1646,14.5187],[102.1729,14.5271],[102.1729,14.5562],[102.1646,14.5646],[102.1687,14.5896],[102.1646,14.5937],[102.1646,14.6062],[102.1562,14.6146],[102.1562,14.6354],[102.1604,14.6396],[102.1604,14.6562],[102.1771,14.6646],[102.2021,14.6979],[102.2021,14.7187],[102.2104,14.7271],[102.2146,14.7646],[102.2021,14.7771],[102.2021,14.7937],[102.2146,14.8146],[102.2146,14.8229],[102.2104,14.8271],[102.2062,14.8687],[102.2146,14.8937],[102.2354,14.9104],[102.2312,14.9187],[102.2521,14.9396],[102.2521,14.9604],[102.2437,14.9729],[102.2479,14.9854],[102.2604,14.9979],[102.2604,15.0146],[102.2687,15.0229],[102.2771,15.0229],[102.2896,15.0354],[102.2937,15.0479],[102.3229,15.0646],[102.3646,15.1062],[102.3562,15.1187],[102.3729,15.1354],[102.3771,15.1771],[102.3854,15.1937],[102.3812,15.2104],[102.3854,15.2146],[102.4187,15.2187],[102.4312,15.2354],[102.4562,15.2271],[102.4604,15.2312],[102.4771,15.2312],[102.4937,15.2479],[102.5021,15.2479],[102.5104,15.2562],[102.5229,15.2562],[102.5396,15.2729],[102.5479,15.2729],[102.6021,15.3271],[102.6104,15.3271],[102.6354,15.3604],[102.6521,15.3687],[102.6729,15.3687],[102.7062,15.3896],[102.7312,15.3896],[102.7396,15.3729],[102.7479,15.3729],[102.7604,15.3896],[102.7854,15.3896],[102.7896,15.3937],[102.7979,15.3937],[102.8104,15.3812],[102.8271,15.3812],[102.8396,15.4021],[102.8521,15.4021],[102.8812,15.3771],[102.8937,15.3729],[102.9021,15.3771],[102.9146,15.3646],[102.9229,15.3646],[102.9521,15.3896],[102.9521,15.3979],[102.9729,15.4187],[103.0104,15.4271],[103.0187,15.4354],[103.0229,15.4312],[103.0354,15.4437],[103.0646,15.4437],[103.0729,15.4354],[103.0896,15.4354],[103.1062,15.4146],[103.1104,15.4187],[103.1146,15.4146],[103.1312,15.4146],[103.1687,15.3646],[103.1771,15.3604],[103.1812,15.3646],[103.1937,15.3646],[103.2062,15.3479],[103.2562,15.3104],[103.2646,15.3104],[103.2729,15.3187],[103.2896,15.3187],[103.2979,15.3104],[103.3271,15.3354],[103.3354,15.3354],[103.3437,15.3437],[103.3687,15.3437],[103.3812,15.3354],[103.3937,15.3396],[103.4062,15.3271],[103.4021,15.3229],[103.4062,15.3146],[103.4229,15.3146],[103.4312,15.3229],[103.4312,15.3312],[103.4437,15.3396],[103.4687,15.3396],[103.4729,15.3354],[103.4687,15.3271],[103.4979,15.2979],[103.5104,15.2979],[103.5146,15.2937],[103.5854,15.2937],[103.5896,15.2979],[103.6187,15.3021],[103.6396,15.3271],[103.6396,15.3354],[103.6604,15.3562],[103.6812,15.3396],[103.7104,15.3687],[103.7229,15.3604],[103.7437,15.3562],[103.7854,15.3896],[103.7979,15.4062],[103.8062,15.4062],[103.8187,15.4146],[103.8229,15.4229],[103.8187,15.4437],[103.8271,15.4562],[103.8646,15.4604],[103.8687,15.4562],[103.8896,15.4562],[103.9104,15.4396],[103.9312,15.4396],[103.9521,15.4229],[103.9771,15.4229],[103.9854,15.4146],[103.9979,15.4146],[104.0021,15.4104],[104.0146,15.4146],[104.0229,15.4062],[104.0562,15.4062],[104.0812,15.3812],[104.0896,15.3521],[104.1354,15.3521],[104.1562,15.3396],[104.2396,15.2562],[104.2562,15.2479],[104.2896,15.2479],[104.3271,15.2187],[104.3521,15.2104],[104.3979,15.1646],[104.4104,15.1646],[104.4187,15.1562],[104.4354,15.1562],[104.4396,15.1521],[104.4979,15.1521],[104.5021,15.1479],[104.5187,15.1479],[104.5229,15.1521],[104.5687,15.1521],[104.5729,15.1479],[104.6437,15.1521],[104.6479,15.1479],[104.6646,15.1479],[104.6896,15.1271],[104.7062,15.1354],[104.7354,15.1604],[104.7312,15.1687],[104.7187,15.1687],[104.7021,15.1562],[104.6979,15.1604],[104.6979,15.1729],[104.7062,15.1812],[104.7229,15.1812],[104.7812,15.2396],[104.8021,15.2396],[104.8146,15.2271],[104.8104,15.2187],[104.7979,15.2146],[104.8021,15.2062],[104.8354,15.2062],[104.8521,15.2229],[104.8771,15.2229],[104.8937,15.2354],[104.9187,15.2271],[104.9479,15.2354],[105.0062,15.2812],[105.0187,15.2812],[105.0271,15.2729],[105.0354,15.2812],[105.0562,15.2812],[105.1021,15.3062],[105.1687,15.3062],[105.1812,15.3146],[105.1896,15.3146],[105.2104,15.2979],[105.2187,15.2729],[105.2437,15.2437],[105.2521,15.2354],[105.2771,15.2271],[105.2812,15.2396],[105.3104,15.2687],[105.3229,15.2687],[105.3396,15.2854],[105.3646,15.2896],[105.3812,15.3021],[105.4104,15.3021],[105.4437,15.2646],[105.4521,15.2646],[105.4646,15.2729],[105.4687,15.2937],[105.4771,15.3021],[105.4854,15.3021],[105.5104,15.3187],[105.5229,15.3229],[105.5687,15.3229],[105.5854,15.3312],[105.6062,15.3312],[105.6437,15.2896],[105.6562,15.2646],[105.6562,15.2396],[105.6937,15.2021],[105.7271,15.1812],[105.7229,15.1729],[105.7271,15.1521],[105.7396,15.1437],[105.7604,15.1437],[105.7854,15.1187],[105.8104,15.1104],[105.8229,15.0979],[105.8271,15.0729],[105.8687,15.0271],[105.8687,15.0062],[105.8812,14.9937],[105.8854,14.9729],[105.8979,14.9646],[105.8979,14.9104],[105.8854,14.8854],[105.8812,14.8396],[105.8854,14.8354],[105.8854,14.8229],[105.9271,14.7771],[105.9271,14.7271],[105.8854,14.6854],[105.8854,14.6687],[105.8729,14.6437],[105.8646,14.5937],[105.8604,14.5896],[105.8562,14.3979],[105.8646,14.3854],[105.8646,14.3646],[105.8729,14.3354],[105.8699,14.2658]]}},{"type":"Feature","properties":{"damId":"9","km":700},"geometry":{"type":"LineString","coordinates":[[102.2771,14.4479],[102.2687,14.4646],[102.2729,14.4729],[102.2687,14.4896],[102.2354,14.5229],[102.2229,14.5229],[102.1646,14.5646],[102.1687,14.5896],[102.1646,14.5937],[102.1646,14.6062],[102.1562,14.6146],[102.1562,14.6354],[102.1604,14.6396],[102.1604,14.6562],[102.1771,14.6646],[102.2021,14.6979],[102.2021,14.7187],[102.2104,14.7271],[102.2146,14.7646],[102.2021,14.7771],[102.2021,14.7937],[102.2146,14.8146],[102.2146,14.8229],[102.2104,14.8271],[102.2062,14.8687],[102.2146,14.8937],[102.2354,14.9104],[102.2312,14.9187],[102.2521,14.9396],[102.2521,14.9604],[102.2437,14.9687],[102.2479,14.9854],[102.2604,14.9979],[102.2604,15.0146],[102.2687,15.0229],[102.2771,15.0229],[102.2896,15.0354],[102.2937,15.0479],[102.3229,15.0646],[102.3646,15.1062],[102.3562,15.1187],[102.3729,15.1354],[102.3771,15.1771],[102.3854,15.1937],[102.3812,15.2104],[102.3854,15.2146],[102.4187,15.2187],[102.4312,15.2354],[102.4562,15.2271],[102.4604,15.2312],[102.4771,15.2312],[102.4937,15.2479],[102.5021,15.2479],[102.5104,15.2562],[102.5229,15.2562],[102.5396,15.2729],[102.5479,15.2729],[102.6021,15.3271],[102.6104,15.3271],[102.6354,15.3604],[102.6521,15.3687],[102.6729,15.3687],[102.7062,15.3896],[102.7312,15.3896],[102.7354,15.3771],[102.7479,15.3729],[102.7604,15.3896],[102.7854,15.3896],[102.7896,15.3937],[102.7979,15.3937],[102.8104,15.3812],[102.8271,15.3812],[102.8396,15.4021],[102.8521,15.4021],[102.8812,15.3771],[102.8937,15.3729],[102.9021,15.3771],[102.9146,15.3646],[102.9229,15.3646],[102.9521,15.3896],[102.9521,15.3979],[102.9729,15.4187],[103.0104,15.4271],[103.0187,15.4354],[103.0229,15.4312],[103.0354,15.4437],[103.0646,15.4437],[103.0729,15.4354],[103.0896,15.4354],[103.1062,15.4146],[103.1104,15.4187],[103.1146,15.4146],[103.1312,15.4146],[103.1687,15.3646],[103.1771,15.3604],[103.1812,15.3646],[103.1937,15.3646],[103.2062,15.3479],[103.2562,15.3104],[103.2646,15.3104],[103.2729,15.3187],[103.2896,15.3187],[103.2979,15.3104],[103.3271,15.3354],[103.3354,15.3354],[103.3437,15.3437],[103.3687,15.3437],[103.3812,15.3354],[103.3937,15.3396],[103.4062,15.3271],[103.4021,15.3229],[103.4062,15.3146],[103.4229,15.3146],[103.4312,15.3229],[103.4312,15.3312],[103.4437,15.3396],[103.4687,15.3396],[103.4729,15.3354],[103.4687,15.3271],[103.4979,15.2979],[103.5104,15.2979],[103.5146,15.2937],[103.5854,15.2937],[103.5896,15.2979],[103.6187,15.3021],[103.6396,15.3271],[103.6396,15.3354],[103.6604,15.3562],[103.6812,15.3396],[103.7104,15.3687],[103.7229,15.3604],[103.7437,15.3562],[103.7854,15.3896],[103.7979,15.4062],[103.8062,15.4062],[103.8187,15.4146],[103.8229,15.4229],[103.8187,15.4437],[103.8271,15.4562],[103.8646,15.4604],[103.8687,15.4562],[103.8896,15.4562],[103.9104,15.4396],[103.9312,15.4396],[103.9521,15.4229],[103.9771,15.4229],[103.9854,15.4146],[103.9979,15.4146],[104.0021,15.4104],[104.0146,15.4146],[104.0229,15.4062],[104.0562,15.4062],[104.0812,15.3812],[104.0896,15.3521],[104.1354,15.3521],[104.1562,15.3396],[104.2396,15.2562],[104.2562,15.2479],[104.2896,15.2479],[104.3271,15.2187],[104.3521,15.2104],[104.3979,15.1646],[104.4104,15.1646],[104.4187,15.1562],[104.4354,15.1562],[104.4396,15.1521],[104.4979,15.1521],[104.5021,15.1479],[104.5187,15.1479],[104.5229,15.1521],[104.5687,15.1521],[104.5729,15.1479],[104.6437,15.1521],[104.6479,15.1479],[104.6646,15.1479],[104.6896,15.1271],[104.7062,15.1354],[104.7354,15.1604],[104.7312,15.1687],[104.7187,15.1687],[104.7021,15.1562],[104.6979,15.1604],[104.6979,15.1729],[104.7062,15.1812],[104.7229,15.1812],[104.7812,15.2396],[104.8021,15.2396],[104.8146,15.2271],[104.8104,15.2187],[104.7979,15.2146],[104.8021,15.2062],[104.8354,15.2062],[104.8521,15.2229],[104.8771,15.2229],[104.8937,15.2354],[104.9187,15.2271],[104.9479,15.2354],[105.0062,15.2812],[105.0187,15.2812],[105.0271,15.2729],[105.0354,15.2812],[105.0562,15.2812],[105.1021,15.3062],[105.1687,15.3062],[105.1812,15.3146],[105.1896,15.3146],[105.2104,15.2979],[105.2187,15.2729],[105.2437,15.2437],[105.2521,15.2354],[105.2771,15.2271],[105.2812,15.2396],[105.3104,15.2687],[105.3229,15.2687],[105.3396,15.2854],[105.3646,15.2896],[105.3812,15.3021],[105.4104,15.3021],[105.4437,15.2646],[105.4521,15.2646],[105.4646,15.2729],[105.4687,15.2937],[105.4771,15.3021],[105.4854,15.3021],[105.5104,15.3187],[105.5229,15.3229],[105.5687,15.3229],[105.5854,15.3312],[105.6062,15.3312],[105.6437,15.2896],[105.6562,15.2646],[105.6562,15.2396],[105.6937,15.2021],[105.7271,15.1812],[105.7229,15.1729],[105.7271,15.1521],[105.7396,15.1437],[105.7604,15.1437],[105.7854,15.1187],[105.8104,15.1104],[105.8229,15.0979],[105.8271,15.0729],[105.8687,15.0271],[105.8687,15.0062],[105.8812,14.9937],[105.8854,14.9729],[105.8979,14.9646],[105.8979,14.9104],[105.8854,14.8854],[105.8812,14.8396],[105.8854,14.8354],[105.8854,14.8229],[105.9271,14.7771],[105.9271,14.7271],[105.8854,14.6854],[105.8854,14.6687],[105.8729,14.6437],[105.8646,14.5937],[105.8604,14.5896],[105.8604,14.4896],[105.8562,14.4854],[105.8562,14.3979],[105.8604,14.3905]]}},{"type":"Feature","properties":{"damId":"41","km":700},"geometry":{"type":"LineString","coordinates":[[101.8479,14.6104],[101.8479,14.6187],[101.8562,14.6271],[101.8687,14.6271],[101.8729,14.6229],[101.8854,14.6271],[101.8896,14.6229],[101.8937,14.6271],[101.8979,14.6354],[101.8979,14.6479],[101.8937,14.6521],[101.9021,14.6812],[101.9271,14.7021],[101.9479,14.6979],[101.9896,14.7187],[102.0146,14.7146],[102.0229,14.7229],[102.0271,14.7187],[102.0437,14.7187],[102.0646,14.7271],[102.0854,14.7104],[102.0896,14.7146],[102.1104,14.7146],[102.1229,14.7062],[102.1271,14.7104],[102.1312,14.7062],[102.1396,14.7146],[102.1479,14.7062],[102.1687,14.7187],[102.1771,14.7187],[102.1896,14.7354],[102.2104,14.7354],[102.2146,14.7646],[102.2021,14.7771],[102.2021,14.7937],[102.2146,14.8146],[102.2104,14.8521],[102.2062,14.8562],[102.2104,14.8854],[102.2354,14.9104],[102.2312,14.9187],[102.2521,14.9396],[102.2521,14.9604],[102.2437,14.9729],[102.2479,14.9854],[102.2604,14.9979],[102.2604,15.0146],[102.2687,15.0229],[102.2771,15.0229],[102.2896,15.0354],[102.2937,15.0479],[102.3229,15.0646],[102.3646,15.1062],[102.3562,15.1187],[102.3729,15.1354],[102.3771,15.1771],[102.3854,15.1937],[102.3812,15.2104],[102.3854,15.2146],[102.4187,15.2187],[102.4312,15.2354],[102.4562,15.2271],[102.4604,15.2312],[102.4771,15.2312],[102.4937,15.2479],[102.5021,15.2479],[102.5104,15.2562],[102.5229,15.2562],[102.5396,15.2729],[102.5479,15.2729],[102.6021,15.3271],[102.6104,15.3271],[102.6354,15.3604],[102.6521,15.3687],[102.6729,15.3687],[102.7062,15.3896],[102.7312,15.3896],[102.7396,15.3729],[102.7479,15.3729],[102.7604,15.3896],[102.7854,15.3896],[102.7896,15.3937],[102.7979,15.3937],[102.8104,15.3812],[102.8271,15.3812],[102.8396,15.4021],[102.8521,15.4021],[102.8812,15.3771],[102.8937,15.3729],[102.9021,15.3771],[102.9146,15.3646],[102.9229,15.3646],[102.9521,15.3896],[102.9521,15.3979],[102.9729,15.4187],[103.0104,15.4271],[103.0187,15.4354],[103.0229,15.4312],[103.0354,15.4437],[103.0646,15.4437],[103.0729,15.4354],[103.0896,15.4354],[103.1062,15.4146],[103.1104,15.4187],[103.1146,15.4146],[103.1312,15.4146],[103.1687,15.3646],[103.1771,15.3604],[103.1812,15.3646],[103.1937,15.3646],[103.2062,15.3479],[103.2562,15.3104],[103.2646,15.3104],[103.2729,15.3187],[103.2896,15.3187],[103.2979,15.3104],[103.3271,15.3354],[103.3354,15.3354],[103.3437,15.3437],[103.3687,15.3437],[103.3812,15.3354],[103.3937,15.3396],[103.4062,15.3271],[103.4021,15.3229],[103.4062,15.3146],[103.4229,15.3146],[103.4312,15.3229],[103.4312,15.3312],[103.4437,15.3396],[103.4687,15.3396],[103.4729,15.3354],[103.4687,15.3271],[103.4979,15.2979],[103.5104,15.2979],[103.5146,15.2937],[103.5854,15.2937],[103.5896,15.2979],[103.6187,15.3021],[103.6396,15.3271],[103.6396,15.3354],[103.6604,15.3562],[103.6812,15.3396],[103.7104,15.3687],[103.7229,15.3604],[103.7437,15.3562],[103.7854,15.3896],[103.7979,15.4062],[103.8062,15.4062],[103.8187,15.4146],[103.8229,15.4229],[103.8187,15.4437],[103.8271,15.4562],[103.8646,15.4604],[103.8687,15.4562],[103.8896,15.4562],[103.9104,15.4396],[103.9312,15.4396],[103.9521,15.4229],[103.9771,15.4229],[103.9854,15.4146],[103.9979,15.4146],[104.0021,15.4104],[104.0146,15.4146],[104.0229,15.4062],[104.0562,15.4062],[104.0812,15.3812],[104.0896,15.3521],[104.1354,15.3521],[104.1562,15.3396],[104.2396,15.2562],[104.2562,15.2479],[104.2896,15.2479],[104.3271,15.2187],[104.3521,15.2104],[104.3979,15.1646],[104.4104,15.1646],[104.4187,15.1562],[104.4354,15.1562],[104.4396,15.1521],[104.4979,15.1521],[104.5021,15.1479],[104.5187,15.1479],[104.5229,15.1521],[104.5687,15.1521],[104.5729,15.1479],[104.6437,15.1521],[104.6479,15.1479],[104.6646,15.1479],[104.6896,15.1271],[104.7062,15.1354],[104.7354,15.1604],[104.7312,15.1687],[104.7187,15.1687],[104.7021,15.1562],[104.6979,15.1604],[104.6979,15.1729],[104.7062,15.1812],[104.7229,15.1812],[104.7812,15.2396],[104.8021,15.2396],[104.8146,15.2271],[104.8104,15.2187],[104.7979,15.2146],[104.8021,15.2062],[104.8354,15.2062],[104.8521,15.2229],[104.8771,15.2229],[104.8937,15.2354],[104.9187,15.2271],[104.9479,15.2354],[105.0062,15.2812],[105.0187,15.2812],[105.0271,15.2729],[105.0354,15.2812],[105.0562,15.2812],[105.1021,15.3062],[105.1687,15.3062],[105.1812,15.3146],[105.1896,15.3146],[105.2104,15.2979],[105.2187,15.2729],[105.2437,15.2437],[105.2521,15.2354],[105.2771,15.2271],[105.2812,15.2396],[105.3104,15.2687],[105.3229,15.2687],[105.3396,15.2854],[105.3646,15.2896],[105.3812,15.3021],[105.4104,15.3021],[105.4437,15.2646],[105.4521,15.2646],[105.4646,15.2729],[105.4687,15.2937],[105.4771,15.3021],[105.4854,15.3021],[105.5104,15.3187],[105.5229,15.3229],[105.5687,15.3229],[105.5854,15.3312],[105.6062,15.3312],[105.6437,15.2896],[105.6562,15.2646],[105.6562,15.2396],[105.6937,15.2021],[105.7271,15.1812],[105.7229,15.1729],[105.7271,15.1521],[105.7396,15.1437],[105.7604,15.1437],[105.7854,15.1187],[105.8104,15.1104],[105.8229,15.0979],[105.8271,15.0729],[105.8687,15.0271],[105.8687,15.0062],[105.8812,14.9937],[105.8854,14.9729],[105.8979,14.9646],[105.8979,14.9104],[105.8854,14.8854],[105.8812,14.8396],[105.8854,14.8354],[105.8854,14.8229],[105.9271,14.7771],[105.9271,14.7271],[105.8854,14.6854],[105.8854,14.6687],[105.8729,14.6437],[105.8646,14.5937],[105.8604,14.5896],[105.8604,14.4907]]}},{"type":"Feature","properties":{"damId":"40","km":700},"geometry":{"type":"LineString","coordinates":[[101.5729,14.8687],[101.5854,14.8646],[101.6021,14.8437],[101.6062,14.8479],[101.6312,14.8479],[101.6646,14.8729],[101.6729,14.8771],[101.6771,14.8729],[101.6854,14.8812],[101.7021,14.8812],[101.7062,14.8854],[101.7396,14.8812],[101.7521,14.8729],[101.7687,14.8896],[101.7896,14.8896],[101.7979,14.8812],[101.8146,14.8937],[101.8104,14.9021],[101.8271,14.9187],[101.8521,14.9187],[101.8896,14.9354],[101.8979,14.9271],[101.9062,14.9271],[101.9312,14.9437],[101.9396,14.9396],[101.9687,14.9437],[101.9854,14.9521],[102.0062,14.9729],[102.0312,14.9729],[102.0437,14.9854],[102.0479,14.9812],[102.0521,14.9854],[102.1021,14.9854],[102.1146,14.9812],[102.1187,14.9854],[102.1354,14.9854],[102.1604,15.0021],[102.1854,15.0021],[102.2104,15.0146],[102.2229,15.0104],[102.2354,15.0104],[102.2396,15.0146],[102.2437,15.0104],[102.2604,15.0104],[102.2687,15.0229],[102.2771,15.0229],[102.2896,15.0354],[102.2937,15.0479],[102.3229,15.0646],[102.3646,15.1062],[102.3562,15.1187],[102.3729,15.1354],[102.3771,15.1771],[102.3854,15.1937],[102.3812,15.2104],[102.3854,15.2146],[102.4187,15.2187],[102.4312,15.2354],[102.4562,15.2271],[102.4604,15.2312],[102.4771,15.2312],[102.4937,15.2479],[102.5021,15.2479],[102.5104,15.2562],[102.5229,15.2562],[102.5396,15.2729],[102.5479,15.2729],[102.6021,15.3271],[102.6104,15.3271],[102.6354,15.3604],[102.6521,15.3687],[102.6729,15.3687],[102.7062,15.3896],[102.7312,15.3896],[102.7396,15.3729],[102.7479,15.3729],[102.7604,15.3896],[102.7854,15.3896],[102.7896,15.3937],[102.7979,15.3937],[102.8104,15.3812],[102.8271,15.3812],[102.8396,15.4021],[102.8521,15.4021],[102.8812,15.3771],[102.8937,15.3729],[102.9021,15.3771],[102.9146,15.3646],[102.9229,15.3646],[102.9521,15.3896],[102.9521,15.3979],[102.9729,15.4187],[103.0104,15.4271],[103.0187,15.4354],[103.0229,15.4312],[103.0354,15.4437],[103.0646,15.4437],[103.0729,15.4354],[103.0896,15.4354],[103.1062,15.4146],[103.1104,15.4187],[103.1146,15.4146],[103.1312,15.4146],[103.1687,15.3646],[103.1771,15.3604],[103.1812,15.3646],[103.1937,15.3646],[103.2062,15.3479],[103.2562,15.3104],[103.2646,15.3104],[103.2729,15.3187],[103.2896,15.3187],[103.2979,15.3104],[103.3271,15.3354],[103.3354,15.3354],[103.3437,15.3437],[103.3687,15.3437],[103.3812,15.3354],[103.3937,15.3396],[103.4062,15.3271],[103.4021,15.3229],[103.4062,15.3146],[103.4229,15.3146],[103.4312,15.3229],[103.4312,15.3312],[103.4437,15.3396],[103.4687,15.3396],[103.4729,15.3354],[103.4687,15.3271],[103.4979,15.2979],[103.5104,15.2979],[103.5146,15.2937],[103.5854,15.2937],[103.5896,15.2979],[103.6187,15.3021],[103.6396,15.3271],[103.6396,15.3354],[103.6604,15.3562],[103.6812,15.3396],[103.7104,15.3687],[103.7229,15.3604],[103.7437,15.3562],[103.7854,15.3896],[103.7979,15.4062],[103.8062,15.4062],[103.8187,15.4146],[103.8229,15.4229],[103.8187,15.4437],[103.8271,15.4562],[103.8479,15.4562],[103.8521,15.4604],[103.8896,15.4562],[103.9021,15.4437],[103.9312,15.4396],[103.9521,15.4229],[103.9771,15.4229],[103.9854,15.4146],[103.9979,15.4146],[104.0021,15.4104],[104.0146,15.4146],[104.0229,15.4062],[104.0562,15.4062],[104.0812,15.3812],[104.0896,15.3521],[104.1354,15.3521],[104.1562,15.3396],[104.2396,15.2562],[104.2562,15.2479],[104.2896,15.2479],[104.3271,15.2187],[104.3521,15.2104],[104.3979,15.1646],[104.4104,15.1646],[104.4187,15.1562],[104.4354,15.1562],[104.4396,15.1521],[104.4979,15.1521],[104.5021,15.1479],[104.5187,15.1479],[104.5229,15.1521],[104.5687,15.1521],[104.5729,15.1479],[104.6437,15.1521],[104.6479,15.1479],[104.6646,15.1479],[104.6896,15.1271],[104.7062,15.1354],[104.7354,15.1604],[104.7312,15.1687],[104.7187,15.1687],[104.7021,15.1562],[104.6979,15.1604],[104.6979,15.1729],[104.7062,15.1812],[104.7229,15.1812],[104.7812,15.2396],[104.8021,15.2396],[104.8146,15.2271],[104.8104,15.2187],[104.7979,15.2146],[104.8021,15.2062],[104.8354,15.2062],[104.8521,15.2229],[104.8771,15.2229],[104.8937,15.2354],[104.9187,15.2271],[104.9479,15.2354],[105.0062,15.2812],[105.0187,15.2812],[105.0271,15.2729],[105.0354,15.2812],[105.0562,15.2812],[105.1021,15.3062],[105.1687,15.3062],[105.1812,15.3146],[105.1896,15.3146],[105.2104,15.2979],[105.2187,15.2729],[105.2437,15.2437],[105.2521,15.2354],[105.2771,15.2271],[105.2812,15.2396],[105.3104,15.2687],[105.3229,15.2687],[105.3396,15.2854],[105.3646,15.2896],[105.3812,15.3021],[105.4104,15.3021],[105.4437,15.2646],[105.4521,15.2646],[105.4646,15.2729],[105.4687,15.2937],[105.4771,15.3021],[105.4854,15.3021],[105.5104,15.3187],[105.5229,15.3229],[105.5687,15.3229],[105.5854,15.3312],[105.6062,15.3312],[105.6437,15.2896],[105.6562,15.2646],[105.6562,15.2396],[105.6937,15.2021],[105.7271,15.1812],[105.7229,15.1729],[105.7271,15.1521],[105.7396,15.1437],[105.7604,15.1437],[105.7854,15.1187],[105.8104,15.1104],[105.8229,15.0979],[105.8271,15.0729],[105.8687,15.0271],[105.8687,15.0062],[105.8812,14.9937],[105.8854,14.9729],[105.8979,14.9646],[105.8979,14.9104],[105.8854,14.8854],[105.8812,14.8396],[105.8854,14.8354],[105.8854,14.8229],[105.9271,14.7771],[105.9271,14.7271],[105.8854,14.6854],[105.8854,14.6687],[105.8729,14.6437],[105.8646,14.5937],[105.8604,14.5896],[105.8604,14.4905]]}},{"type":"Feature","properties":{"damId":"36","km":592.4},"geometry":{"type":"LineString","coordinates":[[100.4062,17.1854],[100.3771,17.2146],[100.3562,17.2187],[100.3437,17.2312],[100.3312,17.2229],[100.3312,17.2146],[100.3229,17.2021],[100.3229,17.1854],[100.3562,17.1604],[100.3562,17.1312],[100.3854,17.0979],[100.3896,17.0646],[100.3812,17.0604],[100.3771,17.0437],[100.3187,16.9937],[100.3062,16.9896],[100.2896,16.9729],[100.2562,16.9687],[100.2229,16.9437],[100.2312,16.9271],[100.2312,16.8937],[100.2396,16.8854],[100.2396,16.8729],[100.2437,16.8687],[100.2312,16.8562],[100.2354,16.8521],[100.2479,16.8521],[100.2646,16.8312],[100.2604,16.8271],[100.2604,16.8146],[100.2521,16.8062],[100.2437,16.8062],[100.2354,16.7979],[100.2271,16.8062],[100.2104,16.7896],[100.2062,16.7604],[100.2312,16.7396],[100.2354,16.7271],[100.2729,16.6896],[100.2729,16.6771],[100.2687,16.6729],[100.2729,16.6687],[100.2604,16.6646],[100.2521,16.6729],[100.2396,16.6562],[100.2396,16.6479],[100.2479,16.6396],[100.2437,16.6354],[100.2562,16.6229],[100.2479,16.5979],[100.2521,16.5854],[100.2396,16.5812],[100.2479,16.5729],[100.2437,16.5562],[100.2562,16.5479],[100.2521,16.5354],[100.2562,16.5312],[100.2604,16.5354],[100.2729,16.5187],[100.2729,16.5021],[100.2771,16.4979],[100.2854,16.5062],[100.3146,16.5187],[100.3271,16.5146],[100.3229,16.4854],[100.3396,16.4646],[100.3396,16.4562],[100.3604,16.4354],[100.3687,16.4146],[100.3812,16.4021],[100.3812,16.3854],[100.3687,16.3729],[100.3771,16.3646],[100.3771,16.3562],[100.3937,16.3479],[100.3979,16.3146],[100.4146,16.2896],[100.4104,16.2312],[100.4187,16.2229],[100.4187,16.2146],[100.4104,16.1979],[100.4229,16.1854],[100.4104,16.1562],[100.4104,16.1437],[100.3979,16.1229],[100.4021,16.1104],[100.3979,16.0979],[100.4021,16.0937],[100.3729,16.0437],[100.3729,16.0187],[100.3604,16.0021],[100.3521,16.0021],[100.3396,15.9896],[100.3271,15.9896],[100.3229,15.9854],[100.3187,15.9604],[100.2979,15.9479],[100.3021,15.9396],[100.2937,15.9312],[100.2937,15.9187],[100.3021,15.9062],[100.3021,15.8979],[100.2812,15.8812],[100.2687,15.8771],[100.2604,15.8646],[100.2479,15.8604],[100.2562,15.8354],[100.2437,15.7979],[100.2396,15.7937],[100.2271,15.7979],[100.2146,15.7937],[100.2187,15.7854],[100.2271,15.7854],[100.2354,15.7771],[100.2104,15.7521],[100.1854,15.7479],[100.1646,15.7187],[100.1521,15.7146],[100.1271,15.6896],[100.1187,15.6896],[100.1104,15.6812],[100.1104,15.6729],[100.1021,15.6604],[100.1021,15.6354],[100.0937,15.6229],[100.0937,15.6104],[100.1062,15.5937],[100.0896,15.5771],[100.0812,15.5562],[100.0854,15.5521],[100.1104,15.5562],[100.1146,15.5521],[100.1146,15.5437],[100.0937,15.5271],[100.0937,15.5187],[100.1187,15.5062],[100.1104,15.4771],[100.1104,15.4562],[100.1187,15.4521],[100.1271,15.4604],[100.1354,15.4521],[100.1312,15.4479],[100.1354,15.4229],[100.1271,15.4146],[100.0979,15.4187],[100.0896,15.4104],[100.0896,15.3979],[100.1062,15.3771],[100.0937,15.3729],[100.0812,15.3812],[100.0729,15.3729],[100.1021,15.3479],[100.1021,15.3354],[100.0771,15.3146],[100.0812,15.3104],[100.0812,15.2979],[100.0562,15.2729],[100.0562,15.2646],[100.0854,15.2521],[100.0771,15.2396],[100.0771,15.2312],[100.1187,15.1979],[100.1187,15.1854],[100.1312,15.1729],[100.1812,15.1687],[100.2021,15.1854],[100.2146,15.1854],[100.2396,15.1604],[100.2396,15.1521],[100.2562,15.1312],[100.2604,15.1187],[100.2812,15.1021],[100.2812,15.0896],[100.3229,15.0396],[100.3354,14.9854],[100.3562,14.9604],[100.3687,14.9271],[100.3812,14.9146],[100.3937,14.9146],[100.3979,14.9104],[100.4062,14.8646],[100.4354,14.8437],[100.4354,14.8229],[100.4437,14.8021],[100.4437,14.7854],[100.4396,14.7812],[100.4396,14.7604],[100.4437,14.7562],[100.4396,14.7146],[100.4479,14.7062],[100.4521,14.6854],[100.4604,14.6771],[100.4646,14.6521],[100.4604,14.6479],[100.4521,14.5646],[100.4479,14.5604],[100.4479,14.5396],[100.4562,14.5271],[100.4562,14.5104],[100.4521,14.5062],[100.4562,14.4521],[100.4437,14.4354],[100.4396,14.3937],[100.4271,14.3729],[100.4312,14.3687],[100.4312,14.3479],[100.4479,14.3312],[100.4521,14.3146],[100.4604,14.3062],[100.4771,14.3062],[100.4854,14.2937],[100.4854,14.2354],[100.5062,14.1979],[100.5104,14.1437],[100.5437,14.1104],[100.5437,14.0979],[100.5271,14.0812],[100.5271,14.0729],[100.5521,14.0479],[100.5521,14.0354],[100.5396,14.0229],[100.5396,13.9937],[100.5271,13.9812],[100.5396,13.9521],[100.5271,13.9437],[100.5104,13.9437],[100.5021,13.9354],[100.5021,13.9271],[100.4896,13.9062],[100.4896,13.8896],[100.4771,13.8771],[100.4771,13.8562],[100.4896,13.8479],[100.4896,13.8396],[100.5187,13.8062],[100.5146,13.7937],[100.5021,13.7812],[100.5021,13.7729],[100.4896,13.7604],[100.4896,13.7479],[100.4979,13.7396],[100.5062,13.7396],[100.5146,13.7229],[100.4896,13.6937],[100.5187,13.6854],[100.5396,13.6687],[100.5521,13.6812],[100.5521,13.7021],[100.5562,13.7062],[100.5729,13.7062],[100.5854,13.6937],[100.5896,13.6812],[100.5687,13.6604],[100.5604,13.6562],[100.5396,13.6604],[100.5354,13.6562],[100.5354,13.6354],[100.5604,13.6146]]}},{"type":"Feature","properties":{"damId":"18","km":365.8},"geometry":{"type":"LineString","coordinates":[[99.4504,15.5354],[99.4687,15.5312],[99.5021,15.4937],[99.5021,15.4854],[99.5312,15.4604],[99.5437,15.4604],[99.5479,15.4646],[99.5562,15.4562],[99.5604,15.4604],[99.5812,15.4562],[99.5937,15.4479],[99.6146,15.4437],[99.6229,15.4354],[99.6354,15.4354],[99.6562,15.4271],[99.6896,15.4271],[99.6979,15.4187],[99.7604,15.4187],[99.7729,15.4229],[99.7771,15.4312],[99.7896,15.4312],[99.7979,15.4437],[99.8104,15.4437],[99.8312,15.4604],[99.8687,15.4604],[99.8729,15.4562],[99.8937,15.4687],[99.9312,15.4771],[99.9396,15.4937],[99.9604,15.5104],[99.9812,15.5062],[99.9896,15.4979],[99.9937,15.4812],[100.0062,15.4687],[100.0187,15.4687],[100.0479,15.4437],[100.0479,15.4146],[100.0562,15.3979],[100.0729,15.3979],[100.0771,15.3937],[100.0812,15.3812],[100.0729,15.3729],[100.1021,15.3479],[100.1021,15.3354],[100.0771,15.3146],[100.0812,15.3104],[100.0812,15.2979],[100.0562,15.2729],[100.0604,15.2604],[100.0854,15.2521],[100.0771,15.2396],[100.0771,15.2312],[100.1187,15.1979],[100.1187,15.1854],[100.1312,15.1729],[100.1812,15.1687],[100.2021,15.1854],[100.2146,15.1854],[100.2229,15.1771],[100.2396,15.1604],[100.2396,15.1521],[100.2562,15.1312],[100.2604,15.1187],[100.2812,15.1021],[100.2812,15.0896],[100.3021,15.0687],[100.3021,15.0604],[100.3229,15.0396],[100.3354,14.9854],[100.3562,14.9604],[100.3687,14.9271],[100.3812,14.9146],[100.3937,14.9146],[100.3979,14.9104],[100.4062,14.8646],[100.4354,14.8437],[100.4354,14.8229],[100.4437,14.8021],[100.4437,14.7854],[100.4396,14.7812],[100.4396,14.7604],[100.4437,14.7562],[100.4396,14.7146],[100.4479,14.7062],[100.4521,14.6854],[100.4646,14.6646],[100.4604,14.6271],[100.4562,14.6229],[100.4562,14.5979],[100.4521,14.5937],[100.4521,14.5646],[100.4479,14.5604],[100.4479,14.5396],[100.4562,14.5271],[100.4562,14.5104],[100.4521,14.5062],[100.4562,14.4521],[100.4437,14.4354],[100.4396,14.3937],[100.4271,14.3771],[100.4312,14.3479],[100.4479,14.3312],[100.4521,14.3146],[100.4604,14.3062],[100.4771,14.3062],[100.4854,14.2937],[100.4854,14.2354],[100.5062,14.1979],[100.5104,14.1437],[100.5437,14.1104],[100.5437,14.0979],[100.5271,14.0812],[100.5271,14.0729],[100.5521,14.0479],[100.5521,14.0354],[100.5396,14.0229],[100.5396,13.9937],[100.5271,13.9812],[100.5396,13.9521],[100.5271,13.9437],[100.5104,13.9437],[100.5021,13.9354],[100.5021,13.9271],[100.4896,13.9062],[100.4896,13.8896],[100.4771,13.8771],[100.4771,13.8562],[100.4896,13.8479],[100.4896,13.8396],[100.5187,13.8062],[100.5146,13.7937],[100.5021,13.7812],[100.5021,13.7729],[100.4896,13.7604],[100.4896,13.7479],[100.4979,13.7396],[100.5062,13.7396],[100.5146,13.7229],[100.4896,13.6937],[100.5187,13.6854],[100.5396,13.6687],[100.5521,13.6812],[100.5521,13.7021],[100.5562,13.7062],[100.5729,13.7062],[100.5854,13.6937],[100.5896,13.6812],[100.5687,13.6604],[100.5604,13.6562],[100.5396,13.6604],[100.5354,13.6562],[100.5354,13.6354],[100.5604,13.6146]]}},{"type":"Feature","properties":{"damId":"32","km":149.2},"geometry":{"type":"LineString","coordinates":[[101.3104,14.3062],[101.3062,14.2937],[101.2937,14.2812],[101.2937,14.2729],[101.2646,14.2479],[101.2562,14.2146],[101.2479,14.2062],[101.2312,14.2021],[101.2229,14.1896],[101.2146,14.1896],[101.2021,14.1771],[101.1979,14.1521],[101.1812,14.1354],[101.1771,14.1104],[101.1687,14.0979],[101.1687,14.0854],[101.1187,14.0437],[101.1229,14.0354],[101.1187,14.0146],[101.1312,14.0021],[101.1396,13.9646],[101.1562,13.9271],[101.1521,13.8979],[101.1396,13.8771],[101.1562,13.8604],[101.1479,13.8521],[101.1562,13.8437],[101.1562,13.8312],[101.1771,13.8187],[101.1812,13.8021],[101.2021,13.7729],[101.2021,13.7646],[101.1896,13.7521],[101.1771,13.7562],[101.1729,13.7479],[101.1812,13.7396],[101.2062,13.7312],[101.1979,13.7229],[101.1812,13.7229],[101.1687,13.7104],[101.1646,13.6979],[101.1437,13.7104],[101.1187,13.7104],[101.0771,13.6854],[101.0771,13.6771],[101.0646,13.6687],[101.0646,13.6604],[101.0896,13.6396],[101.0896,13.6312],[101.0812,13.6229],[101.0687,13.6271],[101.0604,13.6187],[101.0604,13.6062],[101.0646,13.6021],[101.0729,13.6062],[101.0771,13.6021],[101.0771,13.5896],[101.0729,13.5854],[101.0479,13.5854],[101.0396,13.5937],[101.0312,13.5854],[101.0396,13.5687],[101.0271,13.5646],[101.0187,13.5521],[101.0062,13.5521],[100.9979,13.5437],[100.9979,13.5146],[101.0021,13.5104],[101.0146,13.5104],[101.0187,13.5062],[101.0187,13.4937],[101.0104,13.4854],[101.0021,13.4854],[100.9896,13.4979],[100.9812,13.4937]]}},{"type":"Feature","properties":{"damId":"19","km":2.9},"geometry":{"type":"LineString","coordinates":[[100.9604,13.2104],[100.9354,13.2062]]}},{"type":"Feature","properties":{"damId":"24","km":38.9},"geometry":{"type":"LineString","coordinates":[[101.2812,12.9312],[101.3021,12.8937],[101.3021,12.8562],[101.3062,12.8521],[101.3021,12.8104],[101.2896,12.7937],[101.2937,12.7896],[101.2896,12.7854],[101.2979,12.7771],[101.2937,12.7687],[101.2979,12.7646],[101.2937,12.7354],[101.3021,12.7271],[101.2979,12.7229],[101.3021,12.6937],[101.2854,12.6729],[101.2646,12.6771],[101.2604,12.6729],[101.2479,12.6729],[101.2437,12.6646]]}},{"type":"Feature","properties":{"damId":"33","km":37.9},"geometry":{"type":"LineString","coordinates":[[101.5687,12.9396],[101.5854,12.9187],[101.5937,12.8979],[101.5979,12.9021],[101.6104,12.9021],[101.6437,12.8771],[101.6437,12.8562],[101.6479,12.8521],[101.6437,12.8437],[101.6604,12.8271],[101.6729,12.8062],[101.6729,12.7979],[101.6812,12.7896],[101.6812,12.7812],[101.6896,12.7729],[101.6771,12.7521],[101.7104,12.7229],[101.7021,12.7021],[101.7062,12.6979]]}},{"type":"Feature","properties":{"damId":"13","km":93.9},"geometry":{"type":"LineString","coordinates":[[99.6479,12.9021],[99.6604,12.8854],[99.6687,12.8896],[99.6812,12.8771],[99.6729,12.8687],[99.6771,12.8646],[99.6854,12.8604],[99.7104,12.8646],[99.7146,12.8604],[99.7146,12.8479],[99.7271,12.8396],[99.7271,12.8312],[99.7354,12.8187],[99.7437,12.8229],[99.7521,12.8146],[99.7604,12.8187],[99.7771,12.7979],[99.7854,12.7979],[99.7937,12.8062],[99.7937,12.8271],[99.7896,12.8312],[99.7979,12.8479],[99.8229,12.8687],[99.8271,12.8854],[99.8354,12.8937],[99.8396,12.8896],[99.8562,12.9021],[99.8562,12.9146],[99.8604,12.9187],[99.8604,12.9312],[99.8521,12.9437],[99.8604,12.9604],[99.8562,12.9687],[99.8687,12.9771],[99.8896,12.9771],[99.8937,12.9812],[99.8937,12.9937],[99.9021,13.0021],[99.8979,13.0104],[99.9062,13.0229],[99.9062,13.0312],[99.9271,13.0521],[99.9396,13.0562],[99.9437,13.0771],[99.9562,13.0979],[99.9562,13.1146],[99.9521,13.1187],[99.9562,13.1229],[99.9562,13.1354],[99.9521,13.1396],[99.9562,13.1854],[99.9479,13.1937],[99.9479,13.2146],[99.9312,13.2271],[99.9312,13.2396],[99.9271,13.2437],[99.9312,13.2604],[99.9437,13.2687]]}},{"type":"Feature","properties":{"damId":"16","km":27.1},"geometry":{"type":"LineString","coordinates":[[99.8245,12.4588],[99.8354,12.4521],[99.8354,12.4437],[99.8271,12.4354],[99.8271,12.4229],[99.8312,12.4187],[99.8396,12.4187],[99.8562,12.4021],[99.8937,12.4062],[99.9146,12.3854],[99.9271,12.3854],[99.9354,12.3771],[99.9479,12.3854],[99.9562,12.3854],[99.9729,12.4021],[99.9937,12.4062]]}},{"type":"Feature","properties":{"damId":"25","km":113.3},"geometry":{"type":"LineString","coordinates":[[98.6896,9.0187],[98.6979,9.0146],[98.7271,9.0146],[98.7312,9.0104],[98.7604,9.0146],[98.8021,8.9646],[98.8104,8.9646],[98.8187,8.9562],[98.8146,8.9521],[98.8229,8.9396],[98.8396,8.9271],[98.8396,8.9187],[98.8562,8.9021],[98.8771,8.9021],[98.8854,8.9187],[98.9062,8.9312],[98.9146,8.9479],[98.8937,8.9729],[98.9312,8.9937],[98.9771,9.0312],[99.0062,9.0354],[99.0187,9.0271],[99.0479,9.0562],[99.0479,9.0729],[99.0521,9.0771],[99.0562,9.0729],[99.0646,9.0771],[99.0896,9.0562],[99.1312,9.0521],[99.1396,9.0604],[99.1646,9.0604],[99.1854,9.0854],[99.2021,9.0771],[99.2062,9.0979],[99.2271,9.1062],[99.2229,9.1146],[99.2271,9.1187],[99.2521,9.1146],[99.2604,9.1354],[99.2771,9.1354],[99.2854,9.1271],[99.3021,9.1396],[99.3146,9.1354],[99.3229,9.1437],[99.3229,9.1521],[99.3396,9.1687],[99.3521,9.1687],[99.3687,9.1854]]}},{"type":"Feature","properties":{"damId":"chao-phraya","km":231},"geometry":{"type":"LineString","coordinates":[[100.2229,15.1771],[100.2396,15.1604],[100.2396,15.1521],[100.2562,15.1312],[100.2604,15.1187],[100.2812,15.1021],[100.2812,15.0896],[100.3021,15.0687],[100.3021,15.0604],[100.3229,15.0396],[100.3354,14.9854],[100.3562,14.9604],[100.3687,14.9271],[100.3812,14.9146],[100.3937,14.9146],[100.3979,14.9104],[100.4062,14.8646],[100.4354,14.8437],[100.4354,14.8229],[100.4437,14.8021],[100.4437,14.7854],[100.4396,14.7812],[100.4396,14.7604],[100.4437,14.7562],[100.4396,14.7146],[100.4479,14.7062],[100.4521,14.6854],[100.4604,14.6771],[100.4646,14.6521],[100.4604,14.6479],[100.4521,14.5646],[100.4479,14.5604],[100.4479,14.5396],[100.4562,14.5271],[100.4562,14.5104],[100.4521,14.5062],[100.4562,14.4521],[100.4437,14.4354],[100.4396,14.3937],[100.4271,14.3729],[100.4312,14.3687],[100.4312,14.3479],[100.4479,14.3312],[100.4521,14.3146],[100.4604,14.3062],[100.4771,14.3062],[100.4854,14.2937],[100.4854,14.2354],[100.5062,14.1979],[100.5104,14.1437],[100.5437,14.1104],[100.5437,14.0979],[100.5271,14.0812],[100.5271,14.0729],[100.5521,14.0479],[100.5521,14.0354],[100.5396,14.0229],[100.5396,13.9937],[100.5271,13.9812],[100.5396,13.9521],[100.5271,13.9437],[100.5104,13.9437],[100.5021,13.9354],[100.5021,13.9271],[100.4896,13.9062],[100.4896,13.8896],[100.4771,13.8771],[100.4771,13.8562],[100.4896,13.8479],[100.4896,13.8396],[100.5187,13.8062],[100.5146,13.7937],[100.5021,13.7812],[100.5021,13.7729],[100.4896,13.7604],[100.4896,13.7479],[100.4979,13.7396],[100.5062,13.7396],[100.5146,13.7229],[100.4896,13.6937],[100.5187,13.6854],[100.5396,13.6687],[100.5521,13.6812],[100.5521,13.7021],[100.5562,13.7062],[100.5729,13.7062],[100.5854,13.6937],[100.5896,13.6812],[100.5687,13.6604],[100.5604,13.6562],[100.5396,13.6604],[100.5354,13.6562],[100.5354,13.6354],[100.5604,13.6146]]}}]}
